trip_id,arrival_time,departure_time,stop_id,stop_sequence,stop_headsign,pickup_type,drop_off_type
R2+0+S1+1,7:07:00,7:07:00,S20,1,富士見橋エコー広場館行,0,1
R2+0+S1+1,7:10:00,7:10:00,S21,2,富士見橋エコー広場館行,0,0
R2+0+S1+1,7:12:00,7:12:00,S22,3,富士見橋エコー広場館行,0,0
R2+0+S1+1,7:13:00,7:13:00,S23,4,富士見橋エコー広場館行,0,0
R2+0+S1+1,7:15:00,7:15:00,S24,5,富士見橋エコー広場館行,0,0
R2+0+S1+1,7:17:00,7:17:00,S25,6,富士見橋エコー広場館行,0,0
R2+0+S1+1,7:18:00,7:18:00,S26,7,富士見橋エコー広場館行,0,0
R2+0+S1+1,7:19:00,7:19:00,S27,8,ＪＲ駒込駅行,0,0
R2+0+S1+1,7:20:00,7:20:00,S28,9,ＪＲ駒込駅行,0,0
R2+0+S1+1,7:20:00,7:20:00,S29,10,ＪＲ駒込駅行,0,0
R2+0+S1+1,7:21:00,7:21:00,S30,11,ＪＲ駒込駅行,0,0
R2+0+S1+1,7:22:00,7:22:00,S16,12,ＪＲ駒込駅行,0,0
R2+0+S1+1,7:22:00,7:22:00,S18,13,ＪＲ駒込駅行,0,0
R2+0+S1+1,7:27:00,7:27:00,S20,14,ＪＲ駒込駅行,1,0
R2+0+S1+2,7:27:00,7:27:00,S20,1,富士見橋エコー広場館行,0,1
R2+0+S1+2,7:30:00,7:30:00,S21,2,富士見橋エコー広場館行,0,0
R2+0+S1+2,7:32:00,7:32:00,S22,3,富士見橋エコー広場館行,0,0
R2+0+S1+2,7:33:00,7:33:00,S23,4,富士見橋エコー広場館行,0,0
R2+0+S1+2,7:35:00,7:35:00,S24,5,富士見橋エコー広場館行,0,0
R2+0+S1+2,7:37:00,7:37:00,S25,6,富士見橋エコー広場館行,0,0
R2+0+S1+2,7:38:00,7:38:00,S26,7,富士見橋エコー広場館行,0,0
R2+0+S1+2,7:39:00,7:39:00,S27,8,ＪＲ駒込駅行,0,0
R2+0+S1+2,7:40:00,7:40:00,S28,9,ＪＲ駒込駅行,0,0
R2+0+S1+2,7:40:00,7:40:00,S29,10,ＪＲ駒込駅行,0,0
R2+0+S1+2,7:41:00,7:41:00,S30,11,ＪＲ駒込駅行,0,0
R2+0+S1+2,7:42:00,7:42:00,S16,12,ＪＲ駒込駅行,0,0
R2+0+S1+2,7:42:00,7:42:00,S18,13,ＪＲ駒込駅行,0,0
R2+0+S1+2,7:47:00,7:47:00,S20,14,ＪＲ駒込駅行,1,0
R2+0+S1+3,7:47:00,7:47:00,S20,1,富士見橋エコー広場館行,0,1
R2+0+S1+3,7:50:00,7:50:00,S21,2,富士見橋エコー広場館行,0,0
R2+0+S1+3,7:52:00,7:52:00,S22,3,富士見橋エコー広場館行,0,0
R2+0+S1+3,7:53:00,7:53:00,S23,4,富士見橋エコー広場館行,0,0
R2+0+S1+3,7:55:00,7:55:00,S24,5,富士見橋エコー広場館行,0,0
R2+0+S1+3,7:57:00,7:57:00,S25,6,富士見橋エコー広場館行,0,0
R2+0+S1+3,7:58:00,7:58:00,S26,7,富士見橋エコー広場館行,0,0
R2+0+S1+3,7:59:00,7:59:00,S27,8,ＪＲ駒込駅行,0,0
R2+0+S1+3,8:00:00,8:00:00,S28,9,ＪＲ駒込駅行,0,0
R2+0+S1+3,8:00:00,8:00:00,S29,10,ＪＲ駒込駅行,0,0
R2+0+S1+3,8:01:00,8:01:00,S30,11,ＪＲ駒込駅行,0,0
R2+0+S1+3,8:02:00,8:02:00,S16,12,ＪＲ駒込駅行,0,0
R2+0+S1+3,8:02:00,8:02:00,S18,13,ＪＲ駒込駅行,0,0
R2+0+S1+3,8:07:00,8:07:00,S20,14,ＪＲ駒込駅行,1,0
R2+0+S1+4,8:07:00,8:07:00,S20,1,富士見橋エコー広場館行,0,1
R2+0+S1+4,8:10:00,8:10:00,S21,2,富士見橋エコー広場館行,0,0
R2+0+S1+4,8:12:00,8:12:00,S22,3,富士見橋エコー広場館行,0,0
R2+0+S1+4,8:13:00,8:13:00,S23,4,富士見橋エコー広場館行,0,0
R2+0+S1+4,8:15:00,8:15:00,S24,5,富士見橋エコー広場館行,0,0
R2+0+S1+4,8:17:00,8:17:00,S25,6,富士見橋エコー広場館行,0,0
R2+0+S1+4,8:18:00,8:18:00,S26,7,富士見橋エコー広場館行,0,0
R2+0+S1+4,8:19:00,8:19:00,S27,8,ＪＲ駒込駅行,0,0
R2+0+S1+4,8:20:00,8:20:00,S28,9,ＪＲ駒込駅行,0,0
R2+0+S1+4,8:20:00,8:20:00,S29,10,ＪＲ駒込駅行,0,0
R2+0+S1+4,8:21:00,8:21:00,S30,11,ＪＲ駒込駅行,0,0
R2+0+S1+4,8:22:00,8:22:00,S16,12,ＪＲ駒込駅行,0,0
R2+0+S1+4,8:22:00,8:22:00,S18,13,ＪＲ駒込駅行,0,0
R2+0+S1+4,8:27:00,8:27:00,S20,14,ＪＲ駒込駅行,1,0
R2+0+S1+5,8:27:00,8:27:00,S20,1,富士見橋エコー広場館行,0,1
R2+0+S1+5,8:30:00,8:30:00,S21,2,富士見橋エコー広場館行,0,0
R2+0+S1+5,8:32:00,8:32:00,S22,3,富士見橋エコー広場館行,0,0
R2+0+S1+5,8:33:00,8:33:00,S23,4,富士見橋エコー広場館行,0,0
R2+0+S1+5,8:35:00,8:35:00,S24,5,富士見橋エコー広場館行,0,0
R2+0+S1+5,8:37:00,8:37:00,S25,6,富士見橋エコー広場館行,0,0
R2+0+S1+5,8:38:00,8:38:00,S26,7,富士見橋エコー広場館行,0,0
R2+0+S1+5,8:39:00,8:39:00,S27,8,ＪＲ駒込駅行,0,0
R2+0+S1+5,8:40:00,8:40:00,S28,9,ＪＲ駒込駅行,0,0
R2+0+S1+5,8:40:00,8:40:00,S29,10,ＪＲ駒込駅行,0,0
R2+0+S1+5,8:41:00,8:41:00,S30,11,ＪＲ駒込駅行,0,0
R2+0+S1+5,8:42:00,8:42:00,S16,12,ＪＲ駒込駅行,0,0
R2+0+S1+5,8:42:00,8:42:00,S18,13,ＪＲ駒込駅行,0,0
R2+0+S1+5,8:47:00,8:47:00,S20,14,ＪＲ駒込駅行,1,0
R2+0+S1+6,8:47:00,8:47:00,S20,1,富士見橋エコー広場館行,0,1
R2+0+S1+6,8:50:00,8:50:00,S21,2,富士見橋エコー広場館行,0,0
R2+0+S1+6,8:52:00,8:52:00,S22,3,富士見橋エコー広場館行,0,0
R2+0+S1+6,8:53:00,8:53:00,S23,4,富士見橋エコー広場館行,0,0
R2+0+S1+6,8:55:00,8:55:00,S24,5,富士見橋エコー広場館行,0,0
R2+0+S1+6,8:57:00,8:57:00,S25,6,富士見橋エコー広場館行,0,0
R2+0+S1+6,8:58:00,8:58:00,S26,7,富士見橋エコー広場館行,0,0
R2+0+S1+6,8:59:00,8:59:00,S27,8,ＪＲ駒込駅行,0,0
R2+0+S1+6,9:00:00,9:00:00,S28,9,ＪＲ駒込駅行,0,0
R2+0+S1+6,9:00:00,9:00:00,S29,10,ＪＲ駒込駅行,0,0
R2+0+S1+6,9:01:00,9:01:00,S30,11,ＪＲ駒込駅行,0,0
R2+0+S1+6,9:02:00,9:02:00,S16,12,ＪＲ駒込駅行,0,0
R2+0+S1+6,9:02:00,9:02:00,S18,13,ＪＲ駒込駅行,0,0
R2+0+S1+6,9:07:00,9:07:00,S20,14,ＪＲ駒込駅行,1,0
R2+0+S1+7,9:07:00,9:07:00,S20,1,富士見橋エコー広場館行,0,1
R2+0+S1+7,9:10:00,9:10:00,S21,2,富士見橋エコー広場館行,0,0
R2+0+S1+7,9:12:00,9:12:00,S22,3,富士見橋エコー広場館行,0,0
R2+0+S1+7,9:13:00,9:13:00,S23,4,富士見橋エコー広場館行,0,0
R2+0+S1+7,9:15:00,9:15:00,S24,5,富士見橋エコー広場館行,0,0
R2+0+S1+7,9:17:00,9:17:00,S25,6,富士見橋エコー広場館行,0,0
R2+0+S1+7,9:18:00,9:18:00,S26,7,富士見橋エコー広場館行,0,0
R2+0+S1+7,9:19:00,9:19:00,S27,8,ＪＲ駒込駅行,0,0
R2+0+S1+7,9:20:00,9:20:00,S28,9,ＪＲ駒込駅行,0,0
R2+0+S1+7,9:20:00,9:20:00,S29,10,ＪＲ駒込駅行,0,0
R2+0+S1+7,9:21:00,9:21:00,S30,11,ＪＲ駒込駅行,0,0
R2+0+S1+7,9:22:00,9:22:00,S16,12,ＪＲ駒込駅行,0,0
R2+0+S1+7,9:22:00,9:22:00,S18,13,ＪＲ駒込駅行,0,0
R2+0+S1+7,9:27:00,9:27:00,S20,14,ＪＲ駒込駅行,1,0
R2+0+S1+8,9:27:00,9:27:00,S20,1,富士見橋エコー広場館行,0,1
R2+0+S1+8,9:30:00,9:30:00,S21,2,富士見橋エコー広場館行,0,0
R2+0+S1+8,9:32:00,9:32:00,S22,3,富士見橋エコー広場館行,0,0
R2+0+S1+8,9:33:00,9:33:00,S23,4,富士見橋エコー広場館行,0,0
R2+0+S1+8,9:35:00,9:35:00,S24,5,富士見橋エコー広場館行,0,0
R2+0+S1+8,9:37:00,9:37:00,S25,6,富士見橋エコー広場館行,0,0
R2+0+S1+8,9:38:00,9:38:00,S26,7,富士見橋エコー広場館行,0,0
R2+0+S1+8,9:39:00,9:39:00,S27,8,ＪＲ駒込駅行,0,0
R2+0+S1+8,9:40:00,9:40:00,S28,9,ＪＲ駒込駅行,0,0
R2+0+S1+8,9:40:00,9:40:00,S29,10,ＪＲ駒込駅行,0,0
R2+0+S1+8,9:41:00,9:41:00,S30,11,ＪＲ駒込駅行,0,0
R2+0+S1+8,9:42:00,9:42:00,S16,12,ＪＲ駒込駅行,0,0
R2+0+S1+8,9:42:00,9:42:00,S18,13,ＪＲ駒込駅行,0,0
R2+0+S1+8,9:47:00,9:47:00,S20,14,ＪＲ駒込駅行,1,0
R2+0+S1+9,9:47:00,9:47:00,S20,1,富士見橋エコー広場館行,0,1
R2+0+S1+9,9:50:00,9:50:00,S21,2,富士見橋エコー広場館行,0,0
R2+0+S1+9,9:52:00,9:52:00,S22,3,富士見橋エコー広場館行,0,0
R2+0+S1+9,9:53:00,9:53:00,S23,4,富士見橋エコー広場館行,0,0
R2+0+S1+9,9:55:00,9:55:00,S24,5,富士見橋エコー広場館行,0,0
R2+0+S1+9,9:57:00,9:57:00,S25,6,富士見橋エコー広場館行,0,0
R2+0+S1+9,9:58:00,9:58:00,S26,7,富士見橋エコー広場館行,0,0
R2+0+S1+9,9:59:00,9:59:00,S27,8,ＪＲ駒込駅行,0,0
R2+0+S1+9,10:00:00,10:00:00,S28,9,ＪＲ駒込駅行,0,0
R2+0+S1+9,10:00:00,10:00:00,S29,10,ＪＲ駒込駅行,0,0
R2+0+S1+9,10:01:00,10:01:00,S30,11,ＪＲ駒込駅行,0,0
R2+0+S1+9,10:02:00,10:02:00,S16,12,ＪＲ駒込駅行,0,0
R2+0+S1+9,10:02:00,10:02:00,S18,13,ＪＲ駒込駅行,0,0
R2+0+S1+9,10:07:00,10:07:00,S20,14,ＪＲ駒込駅行,1,0
R2+0+S1+10,10:07:00,10:07:00,S20,1,富士見橋エコー広場館行,0,1
R2+0+S1+10,10:10:00,10:10:00,S21,2,富士見橋エコー広場館行,0,0
R2+0+S1+10,10:12:00,10:12:00,S22,3,富士見橋エコー広場館行,0,0
R2+0+S1+10,10:13:00,10:13:00,S23,4,富士見橋エコー広場館行,0,0
R2+0+S1+10,10:15:00,10:15:00,S24,5,富士見橋エコー広場館行,0,0
R2+0+S1+10,10:17:00,10:17:00,S25,6,富士見橋エコー広場館行,0,0
R2+0+S1+10,10:18:00,10:18:00,S26,7,富士見橋エコー広場館行,0,0
R2+0+S1+10,10:19:00,10:19:00,S27,8,ＪＲ駒込駅行,0,0
R2+0+S1+10,10:20:00,10:20:00,S28,9,ＪＲ駒込駅行,0,0
R2+0+S1+10,10:20:00,10:20:00,S29,10,ＪＲ駒込駅行,0,0
R2+0+S1+10,10:21:00,10:21:00,S30,11,ＪＲ駒込駅行,0,0
R2+0+S1+10,10:22:00,10:22:00,S16,12,ＪＲ駒込駅行,0,0
R2+0+S1+10,10:22:00,10:22:00,S18,13,ＪＲ駒込駅行,0,0
R2+0+S1+10,10:27:00,10:27:00,S20,14,ＪＲ駒込駅行,1,0
R2+0+S1+11,10:27:00,10:27:00,S20,1,富士見橋エコー広場館行,0,1
R2+0+S1+11,10:30:00,10:30:00,S21,2,富士見橋エコー広場館行,0,0
R2+0+S1+11,10:32:00,10:32:00,S22,3,富士見橋エコー広場館行,0,0
R2+0+S1+11,10:33:00,10:33:00,S23,4,富士見橋エコー広場館行,0,0
R2+0+S1+11,10:35:00,10:35:00,S24,5,富士見橋エコー広場館行,0,0
R2+0+S1+11,10:37:00,10:37:00,S25,6,富士見橋エコー広場館行,0,0
R2+0+S1+11,10:38:00,10:38:00,S26,7,富士見橋エコー広場館行,0,0
R2+0+S1+11,10:39:00,10:39:00,S27,8,ＪＲ駒込駅行,0,0
R2+0+S1+11,10:40:00,10:40:00,S28,9,ＪＲ駒込駅行,0,0
R2+0+S1+11,10:40:00,10:40:00,S29,10,ＪＲ駒込駅行,0,0
R2+0+S1+11,10:41:00,10:41:00,S30,11,ＪＲ駒込駅行,0,0
R2+0+S1+11,10:42:00,10:42:00,S16,12,ＪＲ駒込駅行,0,0
R2+0+S1+11,10:42:00,10:42:00,S18,13,ＪＲ駒込駅行,0,0
R2+0+S1+11,10:47:00,10:47:00,S20,14,ＪＲ駒込駅行,1,0
R2+0+S1+12,10:47:00,10:47:00,S20,1,富士見橋エコー広場館行,0,1
R2+0+S1+12,10:50:00,10:50:00,S21,2,富士見橋エコー広場館行,0,0
R2+0+S1+12,10:52:00,10:52:00,S22,3,富士見橋エコー広場館行,0,0
R2+0+S1+12,10:53:00,10:53:00,S23,4,富士見橋エコー広場館行,0,0
R2+0+S1+12,10:55:00,10:55:00,S24,5,富士見橋エコー広場館行,0,0
R2+0+S1+12,10:57:00,10:57:00,S25,6,富士見橋エコー広場館行,0,0
R2+0+S1+12,10:58:00,10:58:00,S26,7,富士見橋エコー広場館行,0,0
R2+0+S1+12,10:59:00,10:59:00,S27,8,ＪＲ駒込駅行,0,0
R2+0+S1+12,11:00:00,11:00:00,S28,9,ＪＲ駒込駅行,0,0
R2+0+S1+12,11:00:00,11:00:00,S29,10,ＪＲ駒込駅行,0,0
R2+0+S1+12,11:01:00,11:01:00,S30,11,ＪＲ駒込駅行,0,0
R2+0+S1+12,11:02:00,11:02:00,S16,12,ＪＲ駒込駅行,0,0
R2+0+S1+12,11:02:00,11:02:00,S18,13,ＪＲ駒込駅行,0,0
R2+0+S1+12,11:07:00,11:07:00,S20,14,ＪＲ駒込駅行,1,0
R2+0+S1+13,11:07:00,11:07:00,S20,1,富士見橋エコー広場館行,0,1
R2+0+S1+13,11:10:00,11:10:00,S21,2,富士見橋エコー広場館行,0,0
R2+0+S1+13,11:12:00,11:12:00,S22,3,富士見橋エコー広場館行,0,0
R2+0+S1+13,11:13:00,11:13:00,S23,4,富士見橋エコー広場館行,0,0
R2+0+S1+13,11:15:00,11:15:00,S24,5,富士見橋エコー広場館行,0,0
R2+0+S1+13,11:17:00,11:17:00,S25,6,富士見橋エコー広場館行,0,0
R2+0+S1+13,11:18:00,11:18:00,S26,7,富士見橋エコー広場館行,0,0
R2+0+S1+13,11:19:00,11:19:00,S27,8,ＪＲ駒込駅行,0,0
R2+0+S1+13,11:20:00,11:20:00,S28,9,ＪＲ駒込駅行,0,0
R2+0+S1+13,11:20:00,11:20:00,S29,10,ＪＲ駒込駅行,0,0
R2+0+S1+13,11:21:00,11:21:00,S30,11,ＪＲ駒込駅行,0,0
R2+0+S1+13,11:22:00,11:22:00,S16,12,ＪＲ駒込駅行,0,0
R2+0+S1+13,11:22:00,11:22:00,S18,13,ＪＲ駒込駅行,0,0
R2+0+S1+13,11:27:00,11:27:00,S20,14,ＪＲ駒込駅行,1,0
R2+0+S1+14,11:27:00,11:27:00,S20,1,富士見橋エコー広場館行,0,1
R2+0+S1+14,11:30:00,11:30:00,S21,2,富士見橋エコー広場館行,0,0
R2+0+S1+14,11:32:00,11:32:00,S22,3,富士見橋エコー広場館行,0,0
R2+0+S1+14,11:33:00,11:33:00,S23,4,富士見橋エコー広場館行,0,0
R2+0+S1+14,11:35:00,11:35:00,S24,5,富士見橋エコー広場館行,0,0
R2+0+S1+14,11:37:00,11:37:00,S25,6,富士見橋エコー広場館行,0,0
R2+0+S1+14,11:38:00,11:38:00,S26,7,富士見橋エコー広場館行,0,0
R2+0+S1+14,11:39:00,11:39:00,S27,8,ＪＲ駒込駅行,0,0
R2+0+S1+14,11:40:00,11:40:00,S28,9,ＪＲ駒込駅行,0,0
R2+0+S1+14,11:40:00,11:40:00,S29,10,ＪＲ駒込駅行,0,0
R2+0+S1+14,11:41:00,11:41:00,S30,11,ＪＲ駒込駅行,0,0
R2+0+S1+14,11:42:00,11:42:00,S16,12,ＪＲ駒込駅行,0,0
R2+0+S1+14,11:42:00,11:42:00,S18,13,ＪＲ駒込駅行,0,0
R2+0+S1+14,11:47:00,11:47:00,S20,14,ＪＲ駒込駅行,1,0
R2+0+S1+15,11:47:00,11:47:00,S20,1,富士見橋エコー広場館行,0,1
R2+0+S1+15,11:50:00,11:50:00,S21,2,富士見橋エコー広場館行,0,0
R2+0+S1+15,11:52:00,11:52:00,S22,3,富士見橋エコー広場館行,0,0
R2+0+S1+15,11:53:00,11:53:00,S23,4,富士見橋エコー広場館行,0,0
R2+0+S1+15,11:55:00,11:55:00,S24,5,富士見橋エコー広場館行,0,0
R2+0+S1+15,11:57:00,11:57:00,S25,6,富士見橋エコー広場館行,0,0
R2+0+S1+15,11:58:00,11:58:00,S26,7,富士見橋エコー広場館行,0,0
R2+0+S1+15,11:59:00,11:59:00,S27,8,ＪＲ駒込駅行,0,0
R2+0+S1+15,12:00:00,12:00:00,S28,9,ＪＲ駒込駅行,0,0
R2+0+S1+15,12:00:00,12:00:00,S29,10,ＪＲ駒込駅行,0,0
R2+0+S1+15,12:01:00,12:01:00,S30,11,ＪＲ駒込駅行,0,0
R2+0+S1+15,12:02:00,12:02:00,S16,12,ＪＲ駒込駅行,0,0
R2+0+S1+15,12:02:00,12:02:00,S18,13,ＪＲ駒込駅行,0,0
R2+0+S1+15,12:07:00,12:07:00,S20,14,ＪＲ駒込駅行,1,0
R2+0+S1+16,12:07:00,12:07:00,S20,1,富士見橋エコー広場館行,0,1
R2+0+S1+16,12:10:00,12:10:00,S21,2,富士見橋エコー広場館行,0,0
R2+0+S1+16,12:12:00,12:12:00,S22,3,富士見橋エコー広場館行,0,0
R2+0+S1+16,12:13:00,12:13:00,S23,4,富士見橋エコー広場館行,0,0
R2+0+S1+16,12:15:00,12:15:00,S24,5,富士見橋エコー広場館行,0,0
R2+0+S1+16,12:17:00,12:17:00,S25,6,富士見橋エコー広場館行,0,0
R2+0+S1+16,12:18:00,12:18:00,S26,7,富士見橋エコー広場館行,0,0
R2+0+S1+16,12:19:00,12:19:00,S27,8,ＪＲ駒込駅行,0,0
R2+0+S1+16,12:20:00,12:20:00,S28,9,ＪＲ駒込駅行,0,0
R2+0+S1+16,12:20:00,12:20:00,S29,10,ＪＲ駒込駅行,0,0
R2+0+S1+16,12:21:00,12:21:00,S30,11,ＪＲ駒込駅行,0,0
R2+0+S1+16,12:22:00,12:22:00,S16,12,ＪＲ駒込駅行,0,0
R2+0+S1+16,12:22:00,12:22:00,S18,13,ＪＲ駒込駅行,0,0
R2+0+S1+16,12:27:00,12:27:00,S20,14,ＪＲ駒込駅行,1,0
R2+0+S1+17,12:27:00,12:27:00,S20,1,富士見橋エコー広場館行,0,1
R2+0+S1+17,12:30:00,12:30:00,S21,2,富士見橋エコー広場館行,0,0
R2+0+S1+17,12:32:00,12:32:00,S22,3,富士見橋エコー広場館行,0,0
R2+0+S1+17,12:33:00,12:33:00,S23,4,富士見橋エコー広場館行,0,0
R2+0+S1+17,12:35:00,12:35:00,S24,5,富士見橋エコー広場館行,0,0
R2+0+S1+17,12:37:00,12:37:00,S25,6,富士見橋エコー広場館行,0,0
R2+0+S1+17,12:38:00,12:38:00,S26,7,富士見橋エコー広場館行,0,0
R2+0+S1+17,12:39:00,12:39:00,S27,8,ＪＲ駒込駅行,0,0
R2+0+S1+17,12:40:00,12:40:00,S28,9,ＪＲ駒込駅行,0,0
R2+0+S1+17,12:40:00,12:40:00,S29,10,ＪＲ駒込駅行,0,0
R2+0+S1+17,12:41:00,12:41:00,S30,11,ＪＲ駒込駅行,0,0
R2+0+S1+17,12:42:00,12:42:00,S16,12,ＪＲ駒込駅行,0,0
R2+0+S1+17,12:42:00,12:42:00,S18,13,ＪＲ駒込駅行,0,0
R2+0+S1+17,12:47:00,12:47:00,S20,14,ＪＲ駒込駅行,1,0
R2+0+S1+18,12:47:00,12:47:00,S20,1,富士見橋エコー広場館行,0,1
R2+0+S1+18,12:50:00,12:50:00,S21,2,富士見橋エコー広場館行,0,0
R2+0+S1+18,12:52:00,12:52:00,S22,3,富士見橋エコー広場館行,0,0
R2+0+S1+18,12:53:00,12:53:00,S23,4,富士見橋エコー広場館行,0,0
R2+0+S1+18,12:55:00,12:55:00,S24,5,富士見橋エコー広場館行,0,0
R2+0+S1+18,12:57:00,12:57:00,S25,6,富士見橋エコー広場館行,0,0
R2+0+S1+18,12:58:00,12:58:00,S26,7,富士見橋エコー広場館行,0,0
R2+0+S1+18,12:59:00,12:59:00,S27,8,ＪＲ駒込駅行,0,0
R2+0+S1+18,13:00:00,13:00:00,S28,9,ＪＲ駒込駅行,0,0
R2+0+S1+18,13:00:00,13:00:00,S29,10,ＪＲ駒込駅行,0,0
R2+0+S1+18,13:01:00,13:01:00,S30,11,ＪＲ駒込駅行,0,0
R2+0+S1+18,13:02:00,13:02:00,S16,12,ＪＲ駒込駅行,0,0
R2+0+S1+18,13:02:00,13:02:00,S18,13,ＪＲ駒込駅行,0,0
R2+0+S1+18,13:07:00,13:07:00,S20,14,ＪＲ駒込駅行,1,0
R2+0+S1+19,13:07:00,13:07:00,S20,1,富士見橋エコー広場館行,0,1
R2+0+S1+19,13:10:00,13:10:00,S21,2,富士見橋エコー広場館行,0,0
R2+0+S1+19,13:12:00,13:12:00,S22,3,富士見橋エコー広場館行,0,0
R2+0+S1+19,13:13:00,13:13:00,S23,4,富士見橋エコー広場館行,0,0
R2+0+S1+19,13:15:00,13:15:00,S24,5,富士見橋エコー広場館行,0,0
R2+0+S1+19,13:17:00,13:17:00,S25,6,富士見橋エコー広場館行,0,0
R2+0+S1+19,13:18:00,13:18:00,S26,7,富士見橋エコー広場館行,0,0
R2+0+S1+19,13:19:00,13:19:00,S27,8,ＪＲ駒込駅行,0,0
R2+0+S1+19,13:20:00,13:20:00,S28,9,ＪＲ駒込駅行,0,0
R2+0+S1+19,13:20:00,13:20:00,S29,10,ＪＲ駒込駅行,0,0
R2+0+S1+19,13:21:00,13:21:00,S30,11,ＪＲ駒込駅行,0,0
R2+0+S1+19,13:22:00,13:22:00,S16,12,ＪＲ駒込駅行,0,0
R2+0+S1+19,13:22:00,13:22:00,S18,13,ＪＲ駒込駅行,0,0
R2+0+S1+19,13:27:00,13:27:00,S20,14,ＪＲ駒込駅行,1,0
R2+0+S1+20,13:27:00,13:27:00,S20,1,富士見橋エコー広場館行,0,1
R2+0+S1+20,13:30:00,13:30:00,S21,2,富士見橋エコー広場館行,0,0
R2+0+S1+20,13:32:00,13:32:00,S22,3,富士見橋エコー広場館行,0,0
R2+0+S1+20,13:33:00,13:33:00,S23,4,富士見橋エコー広場館行,0,0
R2+0+S1+20,13:35:00,13:35:00,S24,5,富士見橋エコー広場館行,0,0
R2+0+S1+20,13:37:00,13:37:00,S25,6,富士見橋エコー広場館行,0,0
R2+0+S1+20,13:38:00,13:38:00,S26,7,富士見橋エコー広場館行,0,0
R2+0+S1+20,13:39:00,13:39:00,S27,8,ＪＲ駒込駅行,0,0
R2+0+S1+20,13:40:00,13:40:00,S28,9,ＪＲ駒込駅行,0,0
R2+0+S1+20,13:40:00,13:40:00,S29,10,ＪＲ駒込駅行,0,0
R2+0+S1+20,13:41:00,13:41:00,S30,11,ＪＲ駒込駅行,0,0
R2+0+S1+20,13:42:00,13:42:00,S16,12,ＪＲ駒込駅行,0,0
R2+0+S1+20,13:42:00,13:42:00,S18,13,ＪＲ駒込駅行,0,0
R2+0+S1+20,13:47:00,13:47:00,S20,14,ＪＲ駒込駅行,1,0
R2+0+S1+21,13:47:00,13:47:00,S20,1,富士見橋エコー広場館行,0,1
R2+0+S1+21,13:50:00,13:50:00,S21,2,富士見橋エコー広場館行,0,0
R2+0+S1+21,13:52:00,13:52:00,S22,3,富士見橋エコー広場館行,0,0
R2+0+S1+21,13:53:00,13:53:00,S23,4,富士見橋エコー広場館行,0,0
R2+0+S1+21,13:55:00,13:55:00,S24,5,富士見橋エコー広場館行,0,0
R2+0+S1+21,13:57:00,13:57:00,S25,6,富士見橋エコー広場館行,0,0
R2+0+S1+21,13:58:00,13:58:00,S26,7,富士見橋エコー広場館行,0,0
R2+0+S1+21,13:59:00,13:59:00,S27,8,ＪＲ駒込駅行,0,0
R2+0+S1+21,14:00:00,14:00:00,S28,9,ＪＲ駒込駅行,0,0
R2+0+S1+21,14:00:00,14:00:00,S29,10,ＪＲ駒込駅行,0,0
R2+0+S1+21,14:01:00,14:01:00,S30,11,ＪＲ駒込駅行,0,0
R2+0+S1+21,14:02:00,14:02:00,S16,12,ＪＲ駒込駅行,0,0
R2+0+S1+21,14:02:00,14:02:00,S18,13,ＪＲ駒込駅行,0,0
R2+0+S1+21,14:07:00,14:07:00,S20,14,ＪＲ駒込駅行,1,0
R2+0+S1+22,14:07:00,14:07:00,S20,1,富士見橋エコー広場館行,0,1
R2+0+S1+22,14:10:00,14:10:00,S21,2,富士見橋エコー広場館行,0,0
R2+0+S1+22,14:12:00,14:12:00,S22,3,富士見橋エコー広場館行,0,0
R2+0+S1+22,14:13:00,14:13:00,S23,4,富士見橋エコー広場館行,0,0
R2+0+S1+22,14:15:00,14:15:00,S24,5,富士見橋エコー広場館行,0,0
R2+0+S1+22,14:17:00,14:17:00,S25,6,富士見橋エコー広場館行,0,0
R2+0+S1+22,14:18:00,14:18:00,S26,7,富士見橋エコー広場館行,0,0
R2+0+S1+22,14:19:00,14:19:00,S27,8,ＪＲ駒込駅行,0,0
R2+0+S1+22,14:20:00,14:20:00,S28,9,ＪＲ駒込駅行,0,0
R2+0+S1+22,14:20:00,14:20:00,S29,10,ＪＲ駒込駅行,0,0
R2+0+S1+22,14:21:00,14:21:00,S30,11,ＪＲ駒込駅行,0,0
R2+0+S1+22,14:22:00,14:22:00,S16,12,ＪＲ駒込駅行,0,0
R2+0+S1+22,14:22:00,14:22:00,S18,13,ＪＲ駒込駅行,0,0
R2+0+S1+22,14:27:00,14:27:00,S20,14,ＪＲ駒込駅行,1,0
R2+0+S1+23,14:27:00,14:27:00,S20,1,富士見橋エコー広場館行,0,1
R2+0+S1+23,14:30:00,14:30:00,S21,2,富士見橋エコー広場館行,0,0
R2+0+S1+23,14:32:00,14:32:00,S22,3,富士見橋エコー広場館行,0,0
R2+0+S1+23,14:33:00,14:33:00,S23,4,富士見橋エコー広場館行,0,0
R2+0+S1+23,14:35:00,14:35:00,S24,5,富士見橋エコー広場館行,0,0
R2+0+S1+23,14:37:00,14:37:00,S25,6,富士見橋エコー広場館行,0,0
R2+0+S1+23,14:38:00,14:38:00,S26,7,富士見橋エコー広場館行,0,0
R2+0+S1+23,14:39:00,14:39:00,S27,8,ＪＲ駒込駅行,0,0
R2+0+S1+23,14:40:00,14:40:00,S28,9,ＪＲ駒込駅行,0,0
R2+0+S1+23,14:40:00,14:40:00,S29,10,ＪＲ駒込駅行,0,0
R2+0+S1+23,14:41:00,14:41:00,S30,11,ＪＲ駒込駅行,0,0
R2+0+S1+23,14:42:00,14:42:00,S16,12,ＪＲ駒込駅行,0,0
R2+0+S1+23,14:42:00,14:42:00,S18,13,ＪＲ駒込駅行,0,0
R2+0+S1+23,14:47:00,14:47:00,S20,14,ＪＲ駒込駅行,1,0
R2+0+S1+24,14:47:00,14:47:00,S20,1,富士見橋エコー広場館行,0,1
R2+0+S1+24,14:50:00,14:50:00,S21,2,富士見橋エコー広場館行,0,0
R2+0+S1+24,14:52:00,14:52:00,S22,3,富士見橋エコー広場館行,0,0
R2+0+S1+24,14:53:00,14:53:00,S23,4,富士見橋エコー広場館行,0,0
R2+0+S1+24,14:55:00,14:55:00,S24,5,富士見橋エコー広場館行,0,0
R2+0+S1+24,14:57:00,14:57:00,S25,6,富士見橋エコー広場館行,0,0
R2+0+S1+24,14:58:00,14:58:00,S26,7,富士見橋エコー広場館行,0,0
R2+0+S1+24,14:59:00,14:59:00,S27,8,ＪＲ駒込駅行,0,0
R2+0+S1+24,15:00:00,15:00:00,S28,9,ＪＲ駒込駅行,0,0
R2+0+S1+24,15:00:00,15:00:00,S29,10,ＪＲ駒込駅行,0,0
R2+0+S1+24,15:01:00,15:01:00,S30,11,ＪＲ駒込駅行,0,0
R2+0+S1+24,15:02:00,15:02:00,S16,12,ＪＲ駒込駅行,0,0
R2+0+S1+24,15:02:00,15:02:00,S18,13,ＪＲ駒込駅行,0,0
R2+0+S1+24,15:07:00,15:07:00,S20,14,ＪＲ駒込駅行,1,0
R2+0+S1+25,15:07:00,15:07:00,S20,1,富士見橋エコー広場館行,0,1
R2+0+S1+25,15:10:00,15:10:00,S21,2,富士見橋エコー広場館行,0,0
R2+0+S1+25,15:12:00,15:12:00,S22,3,富士見橋エコー広場館行,0,0
R2+0+S1+25,15:13:00,15:13:00,S23,4,富士見橋エコー広場館行,0,0
R2+0+S1+25,15:15:00,15:15:00,S24,5,富士見橋エコー広場館行,0,0
R2+0+S1+25,15:17:00,15:17:00,S25,6,富士見橋エコー広場館行,0,0
R2+0+S1+25,15:18:00,15:18:00,S26,7,富士見橋エコー広場館行,0,0
R2+0+S1+25,15:19:00,15:19:00,S27,8,ＪＲ駒込駅行,0,0
R2+0+S1+25,15:20:00,15:20:00,S28,9,ＪＲ駒込駅行,0,0
R2+0+S1+25,15:20:00,15:20:00,S29,10,ＪＲ駒込駅行,0,0
R2+0+S1+25,15:21:00,15:21:00,S30,11,ＪＲ駒込駅行,0,0
R2+0+S1+25,15:22:00,15:22:00,S16,12,ＪＲ駒込駅行,0,0
R2+0+S1+25,15:22:00,15:22:00,S18,13,ＪＲ駒込駅行,0,0
R2+0+S1+25,15:27:00,15:27:00,S20,14,ＪＲ駒込駅行,1,0
R2+0+S1+26,15:27:00,15:27:00,S20,1,富士見橋エコー広場館行,0,1
R2+0+S1+26,15:30:00,15:30:00,S21,2,富士見橋エコー広場館行,0,0
R2+0+S1+26,15:32:00,15:32:00,S22,3,富士見橋エコー広場館行,0,0
R2+0+S1+26,15:33:00,15:33:00,S23,4,富士見橋エコー広場館行,0,0
R2+0+S1+26,15:35:00,15:35:00,S24,5,富士見橋エコー広場館行,0,0
R2+0+S1+26,15:37:00,15:37:00,S25,6,富士見橋エコー広場館行,0,0
R2+0+S1+26,15:38:00,15:38:00,S26,7,富士見橋エコー広場館行,0,0
R2+0+S1+26,15:39:00,15:39:00,S27,8,ＪＲ駒込駅行,0,0
R2+0+S1+26,15:40:00,15:40:00,S28,9,ＪＲ駒込駅行,0,0
R2+0+S1+26,15:40:00,15:40:00,S29,10,ＪＲ駒込駅行,0,0
R2+0+S1+26,15:41:00,15:41:00,S30,11,ＪＲ駒込駅行,0,0
R2+0+S1+26,15:42:00,15:42:00,S16,12,ＪＲ駒込駅行,0,0
R2+0+S1+26,15:42:00,15:42:00,S18,13,ＪＲ駒込駅行,0,0
R2+0+S1+26,15:47:00,15:47:00,S20,14,ＪＲ駒込駅行,1,0
R2+0+S1+27,15:47:00,15:47:00,S20,1,富士見橋エコー広場館行,0,1
R2+0+S1+27,15:50:00,15:50:00,S21,2,富士見橋エコー広場館行,0,0
R2+0+S1+27,15:52:00,15:52:00,S22,3,富士見橋エコー広場館行,0,0
R2+0+S1+27,15:53:00,15:53:00,S23,4,富士見橋エコー広場館行,0,0
R2+0+S1+27,15:55:00,15:55:00,S24,5,富士見橋エコー広場館行,0,0
R2+0+S1+27,15:57:00,15:57:00,S25,6,富士見橋エコー広場館行,0,0
R2+0+S1+27,15:58:00,15:58:00,S26,7,富士見橋エコー広場館行,0,0
R2+0+S1+27,15:59:00,15:59:00,S27,8,ＪＲ駒込駅行,0,0
R2+0+S1+27,16:00:00,16:00:00,S28,9,ＪＲ駒込駅行,0,0
R2+0+S1+27,16:00:00,16:00:00,S29,10,ＪＲ駒込駅行,0,0
R2+0+S1+27,16:01:00,16:01:00,S30,11,ＪＲ駒込駅行,0,0
R2+0+S1+27,16:02:00,16:02:00,S16,12,ＪＲ駒込駅行,0,0
R2+0+S1+27,16:02:00,16:02:00,S18,13,ＪＲ駒込駅行,0,0
R2+0+S1+27,16:07:00,16:07:00,S20,14,ＪＲ駒込駅行,1,0
R2+0+S1+28,16:07:00,16:07:00,S20,1,富士見橋エコー広場館行,0,1
R2+0+S1+28,16:10:00,16:10:00,S21,2,富士見橋エコー広場館行,0,0
R2+0+S1+28,16:12:00,16:12:00,S22,3,富士見橋エコー広場館行,0,0
R2+0+S1+28,16:13:00,16:13:00,S23,4,富士見橋エコー広場館行,0,0
R2+0+S1+28,16:15:00,16:15:00,S24,5,富士見橋エコー広場館行,0,0
R2+0+S1+28,16:17:00,16:17:00,S25,6,富士見橋エコー広場館行,0,0
R2+0+S1+28,16:18:00,16:18:00,S26,7,富士見橋エコー広場館行,0,0
R2+0+S1+28,16:19:00,16:19:00,S27,8,ＪＲ駒込駅行,0,0
R2+0+S1+28,16:20:00,16:20:00,S28,9,ＪＲ駒込駅行,0,0
R2+0+S1+28,16:20:00,16:20:00,S29,10,ＪＲ駒込駅行,0,0
R2+0+S1+28,16:21:00,16:21:00,S30,11,ＪＲ駒込駅行,0,0
R2+0+S1+28,16:22:00,16:22:00,S16,12,ＪＲ駒込駅行,0,0
R2+0+S1+28,16:22:00,16:22:00,S18,13,ＪＲ駒込駅行,0,0
R2+0+S1+28,16:27:00,16:27:00,S20,14,ＪＲ駒込駅行,1,0
R2+0+S1+29,16:27:00,16:27:00,S20,1,富士見橋エコー広場館行,0,1
R2+0+S1+29,16:30:00,16:30:00,S21,2,富士見橋エコー広場館行,0,0
R2+0+S1+29,16:32:00,16:32:00,S22,3,富士見橋エコー広場館行,0,0
R2+0+S1+29,16:33:00,16:33:00,S23,4,富士見橋エコー広場館行,0,0
R2+0+S1+29,16:35:00,16:35:00,S24,5,富士見橋エコー広場館行,0,0
R2+0+S1+29,16:37:00,16:37:00,S25,6,富士見橋エコー広場館行,0,0
R2+0+S1+29,16:38:00,16:38:00,S26,7,富士見橋エコー広場館行,0,0
R2+0+S1+29,16:39:00,16:39:00,S27,8,ＪＲ駒込駅行,0,0
R2+0+S1+29,16:40:00,16:40:00,S28,9,ＪＲ駒込駅行,0,0
R2+0+S1+29,16:40:00,16:40:00,S29,10,ＪＲ駒込駅行,0,0
R2+0+S1+29,16:41:00,16:41:00,S30,11,ＪＲ駒込駅行,0,0
R2+0+S1+29,16:42:00,16:42:00,S16,12,ＪＲ駒込駅行,0,0
R2+0+S1+29,16:42:00,16:42:00,S18,13,ＪＲ駒込駅行,0,0
R2+0+S1+29,16:47:00,16:47:00,S20,14,ＪＲ駒込駅行,1,0
R2+0+S1+30,16:47:00,16:47:00,S20,1,富士見橋エコー広場館行,0,1
R2+0+S1+30,16:50:00,16:50:00,S21,2,富士見橋エコー広場館行,0,0
R2+0+S1+30,16:52:00,16:52:00,S22,3,富士見橋エコー広場館行,0,0
R2+0+S1+30,16:53:00,16:53:00,S23,4,富士見橋エコー広場館行,0,0
R2+0+S1+30,16:55:00,16:55:00,S24,5,富士見橋エコー広場館行,0,0
R2+0+S1+30,16:57:00,16:57:00,S25,6,富士見橋エコー広場館行,0,0
R2+0+S1+30,16:58:00,16:58:00,S26,7,富士見橋エコー広場館行,0,0
R2+0+S1+30,16:59:00,16:59:00,S27,8,ＪＲ駒込駅行,0,0
R2+0+S1+30,17:00:00,17:00:00,S28,9,ＪＲ駒込駅行,0,0
R2+0+S1+30,17:00:00,17:00:00,S29,10,ＪＲ駒込駅行,0,0
R2+0+S1+30,17:01:00,17:01:00,S30,11,ＪＲ駒込駅行,0,0
R2+0+S1+30,17:02:00,17:02:00,S16,12,ＪＲ駒込駅行,0,0
R2+0+S1+30,17:02:00,17:02:00,S18,13,ＪＲ駒込駅行,0,0
R2+0+S1+30,17:07:00,17:07:00,S20,14,ＪＲ駒込駅行,1,0
R2+0+S1+31,17:07:00,17:07:00,S20,1,富士見橋エコー広場館行,0,1
R2+0+S1+31,17:10:00,17:10:00,S21,2,富士見橋エコー広場館行,0,0
R2+0+S1+31,17:12:00,17:12:00,S22,3,富士見橋エコー広場館行,0,0
R2+0+S1+31,17:13:00,17:13:00,S23,4,富士見橋エコー広場館行,0,0
R2+0+S1+31,17:15:00,17:15:00,S24,5,富士見橋エコー広場館行,0,0
R2+0+S1+31,17:17:00,17:17:00,S25,6,富士見橋エコー広場館行,0,0
R2+0+S1+31,17:18:00,17:18:00,S26,7,富士見橋エコー広場館行,0,0
R2+0+S1+31,17:19:00,17:19:00,S27,8,ＪＲ駒込駅行,0,0
R2+0+S1+31,17:20:00,17:20:00,S28,9,ＪＲ駒込駅行,0,0
R2+0+S1+31,17:20:00,17:20:00,S29,10,ＪＲ駒込駅行,0,0
R2+0+S1+31,17:21:00,17:21:00,S30,11,ＪＲ駒込駅行,0,0
R2+0+S1+31,17:22:00,17:22:00,S16,12,ＪＲ駒込駅行,0,0
R2+0+S1+31,17:22:00,17:22:00,S18,13,ＪＲ駒込駅行,0,0
R2+0+S1+31,17:27:00,17:27:00,S20,14,ＪＲ駒込駅行,1,0
R2+0+S1+32,17:27:00,17:27:00,S20,1,富士見橋エコー広場館行,0,1
R2+0+S1+32,17:30:00,17:30:00,S21,2,富士見橋エコー広場館行,0,0
R2+0+S1+32,17:32:00,17:32:00,S22,3,富士見橋エコー広場館行,0,0
R2+0+S1+32,17:33:00,17:33:00,S23,4,富士見橋エコー広場館行,0,0
R2+0+S1+32,17:35:00,17:35:00,S24,5,富士見橋エコー広場館行,0,0
R2+0+S1+32,17:37:00,17:37:00,S25,6,富士見橋エコー広場館行,0,0
R2+0+S1+32,17:38:00,17:38:00,S26,7,富士見橋エコー広場館行,0,0
R2+0+S1+32,17:39:00,17:39:00,S27,8,ＪＲ駒込駅行,0,0
R2+0+S1+32,17:40:00,17:40:00,S28,9,ＪＲ駒込駅行,0,0
R2+0+S1+32,17:40:00,17:40:00,S29,10,ＪＲ駒込駅行,0,0
R2+0+S1+32,17:41:00,17:41:00,S30,11,ＪＲ駒込駅行,0,0
R2+0+S1+32,17:42:00,17:42:00,S16,12,ＪＲ駒込駅行,0,0
R2+0+S1+32,17:42:00,17:42:00,S18,13,ＪＲ駒込駅行,0,0
R2+0+S1+32,17:47:00,17:47:00,S20,14,ＪＲ駒込駅行,1,0
R2+0+S1+33,17:47:00,17:47:00,S20,1,富士見橋エコー広場館行,0,1
R2+0+S1+33,17:50:00,17:50:00,S21,2,富士見橋エコー広場館行,0,0
R2+0+S1+33,17:52:00,17:52:00,S22,3,富士見橋エコー広場館行,0,0
R2+0+S1+33,17:53:00,17:53:00,S23,4,富士見橋エコー広場館行,0,0
R2+0+S1+33,17:55:00,17:55:00,S24,5,富士見橋エコー広場館行,0,0
R2+0+S1+33,17:57:00,17:57:00,S25,6,富士見橋エコー広場館行,0,0
R2+0+S1+33,17:58:00,17:58:00,S26,7,富士見橋エコー広場館行,0,0
R2+0+S1+33,17:59:00,17:59:00,S27,8,ＪＲ駒込駅行,0,0
R2+0+S1+33,18:00:00,18:00:00,S28,9,ＪＲ駒込駅行,0,0
R2+0+S1+33,18:00:00,18:00:00,S29,10,ＪＲ駒込駅行,0,0
R2+0+S1+33,18:01:00,18:01:00,S30,11,ＪＲ駒込駅行,0,0
R2+0+S1+33,18:02:00,18:02:00,S16,12,ＪＲ駒込駅行,0,0
R2+0+S1+33,18:02:00,18:02:00,S18,13,ＪＲ駒込駅行,0,0
R2+0+S1+33,18:07:00,18:07:00,S20,14,ＪＲ駒込駅行,1,0
R2+0+S1+34,18:07:00,18:07:00,S20,1,富士見橋エコー広場館行,0,1
R2+0+S1+34,18:10:00,18:10:00,S21,2,富士見橋エコー広場館行,0,0
R2+0+S1+34,18:12:00,18:12:00,S22,3,富士見橋エコー広場館行,0,0
R2+0+S1+34,18:13:00,18:13:00,S23,4,富士見橋エコー広場館行,0,0
R2+0+S1+34,18:15:00,18:15:00,S24,5,富士見橋エコー広場館行,0,0
R2+0+S1+34,18:17:00,18:17:00,S25,6,富士見橋エコー広場館行,0,0
R2+0+S1+34,18:18:00,18:18:00,S26,7,富士見橋エコー広場館行,0,0
R2+0+S1+34,18:19:00,18:19:00,S27,8,ＪＲ駒込駅行,0,0
R2+0+S1+34,18:20:00,18:20:00,S28,9,ＪＲ駒込駅行,0,0
R2+0+S1+34,18:20:00,18:20:00,S29,10,ＪＲ駒込駅行,0,0
R2+0+S1+34,18:21:00,18:21:00,S30,11,ＪＲ駒込駅行,0,0
R2+0+S1+34,18:22:00,18:22:00,S16,12,ＪＲ駒込駅行,0,0
R2+0+S1+34,18:22:00,18:22:00,S18,13,ＪＲ駒込駅行,0,0
R2+0+S1+34,18:27:00,18:27:00,S20,14,ＪＲ駒込駅行,1,0
R2+0+S1+35,18:27:00,18:27:00,S20,1,富士見橋エコー広場館行,0,1
R2+0+S1+35,18:30:00,18:30:00,S21,2,富士見橋エコー広場館行,0,0
R2+0+S1+35,18:32:00,18:32:00,S22,3,富士見橋エコー広場館行,0,0
R2+0+S1+35,18:33:00,18:33:00,S23,4,富士見橋エコー広場館行,0,0
R2+0+S1+35,18:35:00,18:35:00,S24,5,富士見橋エコー広場館行,0,0
R2+0+S1+35,18:37:00,18:37:00,S25,6,富士見橋エコー広場館行,0,0
R2+0+S1+35,18:38:00,18:38:00,S26,7,富士見橋エコー広場館行,0,0
R2+0+S1+35,18:39:00,18:39:00,S27,8,ＪＲ駒込駅行,0,0
R2+0+S1+35,18:40:00,18:40:00,S28,9,ＪＲ駒込駅行,0,0
R2+0+S1+35,18:40:00,18:40:00,S29,10,ＪＲ駒込駅行,0,0
R2+0+S1+35,18:41:00,18:41:00,S30,11,ＪＲ駒込駅行,0,0
R2+0+S1+35,18:42:00,18:42:00,S16,12,ＪＲ駒込駅行,0,0
R2+0+S1+35,18:42:00,18:42:00,S18,13,ＪＲ駒込駅行,0,0
R2+0+S1+35,18:47:00,18:47:00,S20,14,ＪＲ駒込駅行,1,0
R2+0+S1+36,18:47:00,18:47:00,S20,1,富士見橋エコー広場館行,0,1
R2+0+S1+36,18:50:00,18:50:00,S21,2,富士見橋エコー広場館行,0,0
R2+0+S1+36,18:52:00,18:52:00,S22,3,富士見橋エコー広場館行,0,0
R2+0+S1+36,18:53:00,18:53:00,S23,4,富士見橋エコー広場館行,0,0
R2+0+S1+36,18:55:00,18:55:00,S24,5,富士見橋エコー広場館行,0,0
R2+0+S1+36,18:57:00,18:57:00,S25,6,富士見橋エコー広場館行,0,0
R2+0+S1+36,18:58:00,18:58:00,S26,7,富士見橋エコー広場館行,0,0
R2+0+S1+36,18:59:00,18:59:00,S27,8,ＪＲ駒込駅行,0,0
R2+0+S1+36,19:00:00,19:00:00,S28,9,ＪＲ駒込駅行,0,0
R2+0+S1+36,19:00:00,19:00:00,S29,10,ＪＲ駒込駅行,0,0
R2+0+S1+36,19:01:00,19:01:00,S30,11,ＪＲ駒込駅行,0,0
R2+0+S1+36,19:02:00,19:02:00,S16,12,ＪＲ駒込駅行,0,0
R2+0+S1+36,19:02:00,19:02:00,S18,13,ＪＲ駒込駅行,0,0
R2+0+S1+36,19:07:00,19:07:00,S20,14,ＪＲ駒込駅行,1,0
R2+0+S1+37,19:07:00,19:07:00,S20,1,富士見橋エコー広場館行,0,1
R2+0+S1+37,19:10:00,19:10:00,S21,2,富士見橋エコー広場館行,0,0
R2+0+S1+37,19:12:00,19:12:00,S22,3,富士見橋エコー広場館行,0,0
R2+0+S1+37,19:13:00,19:13:00,S23,4,富士見橋エコー広場館行,0,0
R2+0+S1+37,19:15:00,19:15:00,S24,5,富士見橋エコー広場館行,0,0
R2+0+S1+37,19:17:00,19:17:00,S25,6,富士見橋エコー広場館行,0,0
R2+0+S1+37,19:18:00,19:18:00,S26,7,富士見橋エコー広場館行,0,0
R2+0+S1+37,19:19:00,19:19:00,S27,8,ＪＲ駒込駅行,0,0
R2+0+S1+37,19:20:00,19:20:00,S28,9,ＪＲ駒込駅行,0,0
R2+0+S1+37,19:20:00,19:20:00,S29,10,ＪＲ駒込駅行,0,0
R2+0+S1+37,19:21:00,19:21:00,S30,11,ＪＲ駒込駅行,0,0
R2+0+S1+37,19:22:00,19:22:00,S16,12,ＪＲ駒込駅行,0,0
R2+0+S1+37,19:22:00,19:22:00,S18,13,ＪＲ駒込駅行,0,0
R2+0+S1+37,19:27:00,19:27:00,S20,14,ＪＲ駒込駅行,1,0
R2+0+S1+38,19:27:00,19:27:00,S20,1,富士見橋エコー広場館行,0,1
R2+0+S1+38,19:30:00,19:30:00,S21,2,富士見橋エコー広場館行,0,0
R2+0+S1+38,19:32:00,19:32:00,S22,3,富士見橋エコー広場館行,0,0
R2+0+S1+38,19:33:00,19:33:00,S23,4,富士見橋エコー広場館行,0,0
R2+0+S1+38,19:35:00,19:35:00,S24,5,富士見橋エコー広場館行,0,0
R2+0+S1+38,19:37:00,19:37:00,S25,6,富士見橋エコー広場館行,0,0
R2+0+S1+38,19:38:00,19:38:00,S26,7,富士見橋エコー広場館行,0,0
R2+0+S1+38,19:39:00,19:39:00,S27,8,ＪＲ駒込駅行,0,0
R2+0+S1+38,19:40:00,19:40:00,S28,9,ＪＲ駒込駅行,0,0
R2+0+S1+38,19:40:00,19:40:00,S29,10,ＪＲ駒込駅行,0,0
R2+0+S1+38,19:41:00,19:41:00,S30,11,ＪＲ駒込駅行,0,0
R2+0+S1+38,19:42:00,19:42:00,S16,12,ＪＲ駒込駅行,0,0
R2+0+S1+38,19:42:00,19:42:00,S18,13,ＪＲ駒込駅行,0,0
R2+0+S1+38,19:47:00,19:47:00,S20,14,ＪＲ駒込駅行,1,0
R2+0+S1+39,19:47:00,19:47:00,S20,1,富士見橋エコー広場館行,0,1
R2+0+S1+39,19:50:00,19:50:00,S21,2,富士見橋エコー広場館行,0,0
R2+0+S1+39,19:52:00,19:52:00,S22,3,富士見橋エコー広場館行,0,0
R2+0+S1+39,19:53:00,19:53:00,S23,4,富士見橋エコー広場館行,0,0
R2+0+S1+39,19:55:00,19:55:00,S24,5,富士見橋エコー広場館行,0,0
R2+0+S1+39,19:57:00,19:57:00,S25,6,富士見橋エコー広場館行,0,0
R2+0+S1+39,19:58:00,19:58:00,S26,7,富士見橋エコー広場館行,0,0
R2+0+S1+39,19:59:00,19:59:00,S27,8,ＪＲ駒込駅行,0,0
R2+0+S1+39,20:00:00,20:00:00,S28,9,ＪＲ駒込駅行,0,0
R2+0+S1+39,20:00:00,20:00:00,S29,10,ＪＲ駒込駅行,0,0
R2+0+S1+39,20:01:00,20:01:00,S30,11,ＪＲ駒込駅行,0,0
R2+0+S1+39,20:02:00,20:02:00,S16,12,ＪＲ駒込駅行,0,0
R2+0+S1+39,20:02:00,20:02:00,S18,13,ＪＲ駒込駅行,0,0
R2+0+S1+39,20:07:00,20:07:00,S20,14,ＪＲ駒込駅行,1,0
R1+0+S1+1,7:22:00,7:22:00,S20,14,北区役所行,0,1
R1+0+S1+1,7:25:00,7:25:00,S19,15,北区役所行,0,0
R1+0+S1+1,7:26:00,7:26:00,S17,16,北区役所行,0,0
R1+0+S1+1,7:27:00,7:27:00,S15,17,北区役所行,0,0
R1+0+S1+1,7:28:00,7:28:00,S13,18,北区役所行,0,0
R1+0+S1+1,7:29:00,7:29:00,S11,19,北区役所行,0,0
R1+0+S1+1,7:30:00,7:30:00,S9,20,ＪＲ駒込駅行,0,0
R1+0+S1+1,7:35:00,7:35:00,S1,21,ＪＲ駒込駅行,1,0
R1+0+S1+2,7:15:00,7:15:00,S1,1,北区役所行,0,1
R1+0+S1+2,7:16:00,7:16:00,S2,2,北区役所行,0,0
R1+0+S1+2,7:17:00,7:17:00,S3,3,北区役所行,0,0
R1+0+S1+2,7:21:00,7:21:00,S4,4,北区役所行,0,0
R1+0+S1+2,7:22:00,7:22:00,S5,5,北区役所行,0,0
R1+0+S1+2,7:23:00,7:23:00,S6,6,北区役所行,0,0
R1+0+S1+2,7:25:00,7:25:00,S7,7,ＪＲ駒込駅行,0,0
R1+0+S1+2,7:28:00,7:28:00,S8,8,ＪＲ駒込駅行,0,0
R1+0+S1+2,7:29:00,7:29:00,S10,9,ＪＲ駒込駅行,0,0
R1+0+S1+2,7:33:00,7:33:00,S12,10,ＪＲ駒込駅行,0,0
R1+0+S1+2,7:35:00,7:35:00,S14,11,ＪＲ駒込駅行,0,0
R1+0+S1+2,7:36:00,7:36:00,S16,12,ＪＲ駒込駅行,0,0
R1+0+S1+2,7:36:00,7:36:00,S18,13,ＪＲ駒込駅行,0,0
R1+0+S1+2,7:42:00,7:42:00,S20,14,ＪＲ王子駅行,0,0
R1+0+S1+2,7:45:00,7:45:00,S19,15,ＪＲ王子駅行,0,0
R1+0+S1+2,7:46:00,7:46:00,S17,16,ＪＲ王子駅行,0,0
R1+0+S1+2,7:47:00,7:47:00,S15,17,ＪＲ王子駅行,0,0
R1+0+S1+2,7:48:00,7:48:00,S13,18,ＪＲ王子駅行,0,0
R1+0+S1+2,7:49:00,7:49:00,S11,19,ＪＲ王子駅行,0,0
R1+0+S1+2,7:50:00,7:50:00,S9,20,ＪＲ王子駅行,0,0
R1+0+S1+2,7:55:00,7:55:00,S1,21,ＪＲ王子駅行,1,0
R1+0+S1+3,7:35:00,7:35:00,S1,1,北区役所行,0,1
R1+0+S1+3,7:36:00,7:36:00,S2,2,北区役所行,0,0
R1+0+S1+3,7:37:00,7:37:00,S3,3,北区役所行,0,0
R1+0+S1+3,7:41:00,7:41:00,S4,4,北区役所行,0,0
R1+0+S1+3,7:42:00,7:42:00,S5,5,北区役所行,0,0
R1+0+S1+3,7:43:00,7:43:00,S6,6,北区役所行,0,0
R1+0+S1+3,7:45:00,7:45:00,S7,7,ＪＲ駒込駅行,0,0
R1+0+S1+3,7:48:00,7:48:00,S8,8,ＪＲ駒込駅行,0,0
R1+0+S1+3,7:49:00,7:49:00,S10,9,ＪＲ駒込駅行,0,0
R1+0+S1+3,7:53:00,7:53:00,S12,10,ＪＲ駒込駅行,0,0
R1+0+S1+3,7:55:00,7:55:00,S14,11,ＪＲ駒込駅行,0,0
R1+0+S1+3,7:56:00,7:56:00,S16,12,ＪＲ駒込駅行,0,0
R1+0+S1+3,7:56:00,7:56:00,S18,13,ＪＲ駒込駅行,0,0
R1+0+S1+3,8:02:00,8:02:00,S20,14,ＪＲ王子駅行,0,0
R1+0+S1+3,8:05:00,8:05:00,S19,15,ＪＲ王子駅行,0,0
R1+0+S1+3,8:06:00,8:06:00,S17,16,ＪＲ王子駅行,0,0
R1+0+S1+3,8:07:00,8:07:00,S15,17,ＪＲ王子駅行,0,0
R1+0+S1+3,8:08:00,8:08:00,S13,18,ＪＲ王子駅行,0,0
R1+0+S1+3,8:09:00,8:09:00,S11,19,ＪＲ王子駅行,0,0
R1+0+S1+3,8:10:00,8:10:00,S9,20,ＪＲ王子駅行,0,0
R1+0+S1+3,8:15:00,8:15:00,S1,21,ＪＲ王子駅行,1,0
R1+0+S1+4,7:55:00,7:55:00,S1,1,北区役所行,0,1
R1+0+S1+4,7:56:00,7:56:00,S2,2,北区役所行,0,0
R1+0+S1+4,7:57:00,7:57:00,S3,3,北区役所行,0,0
R1+0+S1+4,8:01:00,8:01:00,S4,4,北区役所行,0,0
R1+0+S1+4,8:02:00,8:02:00,S5,5,北区役所行,0,0
R1+0+S1+4,8:03:00,8:03:00,S6,6,北区役所行,0,0
R1+0+S1+4,8:05:00,8:05:00,S7,7,ＪＲ駒込駅行,0,0
R1+0+S1+4,8:08:00,8:08:00,S8,8,ＪＲ駒込駅行,0,0
R1+0+S1+4,8:09:00,8:09:00,S10,9,ＪＲ駒込駅行,0,0
R1+0+S1+4,8:13:00,8:13:00,S12,10,ＪＲ駒込駅行,0,0
R1+0+S1+4,8:15:00,8:15:00,S14,11,ＪＲ駒込駅行,0,0
R1+0+S1+4,8:16:00,8:16:00,S16,12,ＪＲ駒込駅行,0,0
R1+0+S1+4,8:16:00,8:16:00,S18,13,ＪＲ駒込駅行,0,0
R1+0+S1+4,8:22:00,8:22:00,S20,14,ＪＲ王子駅行,0,0
R1+0+S1+4,8:25:00,8:25:00,S19,15,ＪＲ王子駅行,0,0
R1+0+S1+4,8:26:00,8:26:00,S17,16,ＪＲ王子駅行,0,0
R1+0+S1+4,8:27:00,8:27:00,S15,17,ＪＲ王子駅行,0,0
R1+0+S1+4,8:28:00,8:28:00,S13,18,ＪＲ王子駅行,0,0
R1+0+S1+4,8:29:00,8:29:00,S11,19,ＪＲ王子駅行,0,0
R1+0+S1+4,8:30:00,8:30:00,S9,20,ＪＲ王子駅行,0,0
R1+0+S1+4,8:35:00,8:35:00,S1,21,ＪＲ王子駅行,1,0
R1+0+S1+5,8:15:00,8:15:00,S1,1,北区役所行,0,1
R1+0+S1+5,8:16:00,8:16:00,S2,2,北区役所行,0,0
R1+0+S1+5,8:17:00,8:17:00,S3,3,北区役所行,0,0
R1+0+S1+5,8:21:00,8:21:00,S4,4,北区役所行,0,0
R1+0+S1+5,8:22:00,8:22:00,S5,5,北区役所行,0,0
R1+0+S1+5,8:23:00,8:23:00,S6,6,北区役所行,0,0
R1+0+S1+5,8:25:00,8:25:00,S7,7,ＪＲ駒込駅行,0,0
R1+0+S1+5,8:28:00,8:28:00,S8,8,ＪＲ駒込駅行,0,0
R1+0+S1+5,8:29:00,8:29:00,S10,9,ＪＲ駒込駅行,0,0
R1+0+S1+5,8:33:00,8:33:00,S12,10,ＪＲ駒込駅行,0,0
R1+0+S1+5,8:35:00,8:35:00,S14,11,ＪＲ駒込駅行,0,0
R1+0+S1+5,8:36:00,8:36:00,S16,12,ＪＲ駒込駅行,0,0
R1+0+S1+5,8:36:00,8:36:00,S18,13,ＪＲ駒込駅行,0,0
R1+0+S1+5,8:42:00,8:42:00,S20,14,ＪＲ王子駅行,0,0
R1+0+S1+5,8:45:00,8:45:00,S19,15,ＪＲ王子駅行,0,0
R1+0+S1+5,8:46:00,8:46:00,S17,16,ＪＲ王子駅行,0,0
R1+0+S1+5,8:47:00,8:47:00,S15,17,ＪＲ王子駅行,0,0
R1+0+S1+5,8:48:00,8:48:00,S13,18,ＪＲ王子駅行,0,0
R1+0+S1+5,8:49:00,8:49:00,S11,19,ＪＲ王子駅行,0,0
R1+0+S1+5,8:50:00,8:50:00,S9,20,ＪＲ王子駅行,0,0
R1+0+S1+5,8:55:00,8:55:00,S1,21,ＪＲ王子駅行,1,0
R1+0+S1+6,8:35:00,8:35:00,S1,1,北区役所行,0,1
R1+0+S1+6,8:36:00,8:36:00,S2,2,北区役所行,0,0
R1+0+S1+6,8:37:00,8:37:00,S3,3,北区役所行,0,0
R1+0+S1+6,8:41:00,8:41:00,S4,4,北区役所行,0,0
R1+0+S1+6,8:42:00,8:42:00,S5,5,北区役所行,0,0
R1+0+S1+6,8:43:00,8:43:00,S6,6,北区役所行,0,0
R1+0+S1+6,8:45:00,8:45:00,S7,7,ＪＲ駒込駅行,0,0
R1+0+S1+6,8:48:00,8:48:00,S8,8,ＪＲ駒込駅行,0,0
R1+0+S1+6,8:49:00,8:49:00,S10,9,ＪＲ駒込駅行,0,0
R1+0+S1+6,8:53:00,8:53:00,S12,10,ＪＲ駒込駅行,0,0
R1+0+S1+6,8:55:00,8:55:00,S14,11,ＪＲ駒込駅行,0,0
R1+0+S1+6,8:56:00,8:56:00,S16,12,ＪＲ駒込駅行,0,0
R1+0+S1+6,8:56:00,8:56:00,S18,13,ＪＲ駒込駅行,0,0
R1+0+S1+6,9:04:00,9:04:00,S20,14,ＪＲ王子駅行,0,0
R1+0+S1+6,9:07:00,9:07:00,S19,15,ＪＲ王子駅行,0,0
R1+0+S1+6,9:08:00,9:08:00,S17,16,ＪＲ王子駅行,0,0
R1+0+S1+6,9:09:00,9:09:00,S15,17,ＪＲ王子駅行,0,0
R1+0+S1+6,9:10:00,9:10:00,S13,18,ＪＲ王子駅行,0,0
R1+0+S1+6,9:11:00,9:11:00,S11,19,ＪＲ王子駅行,0,0
R1+0+S1+6,9:12:00,9:12:00,S9,20,ＪＲ王子駅行,0,0
R1+0+S1+6,9:17:00,9:17:00,S1,21,ＪＲ王子駅行,1,0
R1+0+S1+7,8:55:00,8:55:00,S1,1,北区役所行,0,1
R1+0+S1+7,8:56:00,8:56:00,S2,2,北区役所行,0,0
R1+0+S1+7,8:57:00,8:57:00,S3,3,北区役所行,0,0
R1+0+S1+7,9:01:00,9:01:00,S4,4,北区役所行,0,0
R1+0+S1+7,9:02:00,9:02:00,S5,5,北区役所行,0,0
R1+0+S1+7,9:03:00,9:03:00,S6,6,北区役所行,0,0
R1+0+S1+7,9:05:00,9:05:00,S7,7,ＪＲ駒込駅行,0,0
R1+0+S1+7,9:08:00,9:08:00,S8,8,ＪＲ駒込駅行,0,0
R1+0+S1+7,9:09:00,9:09:00,S10,9,ＪＲ駒込駅行,0,0
R1+0+S1+7,9:13:00,9:13:00,S12,10,ＪＲ駒込駅行,0,0
R1+0+S1+7,9:15:00,9:15:00,S14,11,ＪＲ駒込駅行,0,0
R1+0+S1+7,9:16:00,9:16:00,S16,12,ＪＲ駒込駅行,0,0
R1+0+S1+7,9:16:00,9:16:00,S18,13,ＪＲ駒込駅行,0,0
R1+0+S1+7,9:22:00,9:22:00,S20,14,ＪＲ王子駅行,0,0
R1+0+S1+7,9:25:00,9:25:00,S19,15,ＪＲ王子駅行,0,0
R1+0+S1+7,9:26:00,9:26:00,S17,16,ＪＲ王子駅行,0,0
R1+0+S1+7,9:27:00,9:27:00,S15,17,ＪＲ王子駅行,0,0
R1+0+S1+7,9:28:00,9:28:00,S13,18,ＪＲ王子駅行,0,0
R1+0+S1+7,9:29:00,9:29:00,S11,19,ＪＲ王子駅行,0,0
R1+0+S1+7,9:30:00,9:30:00,S9,20,ＪＲ王子駅行,0,0
R1+0+S1+7,9:35:00,9:35:00,S1,21,ＪＲ王子駅行,1,0
R1+0+S1+8,9:17:00,9:17:00,S1,1,北区役所行,0,1
R1+0+S1+8,9:18:00,9:18:00,S2,2,北区役所行,0,0
R1+0+S1+8,9:19:00,9:19:00,S3,3,北区役所行,0,0
R1+0+S1+8,9:21:00,9:21:00,S4,4,北区役所行,0,0
R1+0+S1+8,9:22:00,9:22:00,S5,5,北区役所行,0,0
R1+0+S1+8,9:23:00,9:23:00,S6,6,北区役所行,0,0
R1+0+S1+8,9:25:00,9:25:00,S7,7,ＪＲ駒込駅行,0,0
R1+0+S1+8,9:28:00,9:28:00,S8,8,ＪＲ駒込駅行,0,0
R1+0+S1+8,9:29:00,9:29:00,S10,9,ＪＲ駒込駅行,0,0
R1+0+S1+8,9:33:00,9:33:00,S12,10,ＪＲ駒込駅行,0,0
R1+0+S1+8,9:35:00,9:35:00,S14,11,ＪＲ駒込駅行,0,0
R1+0+S1+8,9:36:00,9:36:00,S16,12,ＪＲ駒込駅行,0,0
R1+0+S1+8,9:36:00,9:36:00,S18,13,ＪＲ駒込駅行,0,0
R1+0+S1+8,9:42:00,9:42:00,S20,14,ＪＲ王子駅行,0,0
R1+0+S1+8,9:45:00,9:45:00,S19,15,ＪＲ王子駅行,0,0
R1+0+S1+8,9:46:00,9:46:00,S17,16,ＪＲ王子駅行,0,0
R1+0+S1+8,9:47:00,9:47:00,S15,17,ＪＲ王子駅行,0,0
R1+0+S1+8,9:48:00,9:48:00,S13,18,ＪＲ王子駅行,0,0
R1+0+S1+8,9:49:00,9:49:00,S11,19,ＪＲ王子駅行,0,0
R1+0+S1+8,9:50:00,9:50:00,S9,20,ＪＲ王子駅行,0,0
R1+0+S1+8,9:55:00,9:55:00,S1,21,ＪＲ王子駅行,1,0
R1+0+S1+9,9:35:00,9:35:00,S1,1,北区役所行,0,1
R1+0+S1+9,9:36:00,9:36:00,S2,2,北区役所行,0,0
R1+0+S1+9,9:37:00,9:37:00,S3,3,北区役所行,0,0
R1+0+S1+9,9:41:00,9:41:00,S4,4,北区役所行,0,0
R1+0+S1+9,9:42:00,9:42:00,S5,5,北区役所行,0,0
R1+0+S1+9,9:43:00,9:43:00,S6,6,北区役所行,0,0
R1+0+S1+9,9:45:00,9:45:00,S7,7,ＪＲ駒込駅行,0,0
R1+0+S1+9,9:48:00,9:48:00,S8,8,ＪＲ駒込駅行,0,0
R1+0+S1+9,9:49:00,9:49:00,S10,9,ＪＲ駒込駅行,0,0
R1+0+S1+9,9:53:00,9:53:00,S12,10,ＪＲ駒込駅行,0,0
R1+0+S1+9,9:55:00,9:55:00,S14,11,ＪＲ駒込駅行,0,0
R1+0+S1+9,9:56:00,9:56:00,S16,12,ＪＲ駒込駅行,0,0
R1+0+S1+9,9:56:00,9:56:00,S18,13,ＪＲ駒込駅行,0,0
R1+0+S1+9,10:02:00,10:02:00,S20,14,ＪＲ王子駅行,0,0
R1+0+S1+9,10:05:00,10:05:00,S19,15,ＪＲ王子駅行,0,0
R1+0+S1+9,10:06:00,10:06:00,S17,16,ＪＲ王子駅行,0,0
R1+0+S1+9,10:07:00,10:07:00,S15,17,ＪＲ王子駅行,0,0
R1+0+S1+9,10:08:00,10:08:00,S13,18,ＪＲ王子駅行,0,0
R1+0+S1+9,10:09:00,10:09:00,S11,19,ＪＲ王子駅行,0,0
R1+0+S1+9,10:10:00,10:10:00,S9,20,ＪＲ王子駅行,0,0
R1+0+S1+9,10:15:00,10:15:00,S1,21,ＪＲ王子駅行,1,0
R1+0+S1+10,9:55:00,9:55:00,S1,1,北区役所行,0,1
R1+0+S1+10,9:56:00,9:56:00,S2,2,北区役所行,0,0
R1+0+S1+10,9:57:00,9:57:00,S3,3,北区役所行,0,0
R1+0+S1+10,10:01:00,10:01:00,S4,4,北区役所行,0,0
R1+0+S1+10,10:02:00,10:02:00,S5,5,北区役所行,0,0
R1+0+S1+10,10:03:00,10:03:00,S6,6,北区役所行,0,0
R1+0+S1+10,10:05:00,10:05:00,S7,7,ＪＲ駒込駅行,0,0
R1+0+S1+10,10:08:00,10:08:00,S8,8,ＪＲ駒込駅行,0,0
R1+0+S1+10,10:09:00,10:09:00,S10,9,ＪＲ駒込駅行,0,0
R1+0+S1+10,10:13:00,10:13:00,S12,10,ＪＲ駒込駅行,0,0
R1+0+S1+10,10:15:00,10:15:00,S14,11,ＪＲ駒込駅行,0,0
R1+0+S1+10,10:16:00,10:16:00,S16,12,ＪＲ駒込駅行,0,0
R1+0+S1+10,10:16:00,10:16:00,S18,13,ＪＲ駒込駅行,0,0
R1+0+S1+10,10:22:00,10:22:00,S20,14,ＪＲ王子駅行,0,0
R1+0+S1+10,10:25:00,10:25:00,S19,15,ＪＲ王子駅行,0,0
R1+0+S1+10,10:26:00,10:26:00,S17,16,ＪＲ王子駅行,0,0
R1+0+S1+10,10:27:00,10:27:00,S15,17,ＪＲ王子駅行,0,0
R1+0+S1+10,10:28:00,10:28:00,S13,18,ＪＲ王子駅行,0,0
R1+0+S1+10,10:29:00,10:29:00,S11,19,ＪＲ王子駅行,0,0
R1+0+S1+10,10:30:00,10:30:00,S9,20,ＪＲ王子駅行,0,0
R1+0+S1+10,10:35:00,10:35:00,S1,21,ＪＲ王子駅行,1,0
R1+0+S1+11,10:15:00,10:15:00,S1,1,北区役所行,0,1
R1+0+S1+11,10:16:00,10:16:00,S2,2,北区役所行,0,0
R1+0+S1+11,10:17:00,10:17:00,S3,3,北区役所行,0,0
R1+0+S1+11,10:21:00,10:21:00,S4,4,北区役所行,0,0
R1+0+S1+11,10:22:00,10:22:00,S5,5,北区役所行,0,0
R1+0+S1+11,10:23:00,10:23:00,S6,6,北区役所行,0,0
R1+0+S1+11,10:25:00,10:25:00,S7,7,ＪＲ駒込駅行,0,0
R1+0+S1+11,10:28:00,10:28:00,S8,8,ＪＲ駒込駅行,0,0
R1+0+S1+11,10:29:00,10:29:00,S10,9,ＪＲ駒込駅行,0,0
R1+0+S1+11,10:33:00,10:33:00,S12,10,ＪＲ駒込駅行,0,0
R1+0+S1+11,10:35:00,10:35:00,S14,11,ＪＲ駒込駅行,0,0
R1+0+S1+11,10:36:00,10:36:00,S16,12,ＪＲ駒込駅行,0,0
R1+0+S1+11,10:36:00,10:36:00,S18,13,ＪＲ駒込駅行,0,0
R1+0+S1+11,10:42:00,10:42:00,S20,14,ＪＲ王子駅行,0,0
R1+0+S1+11,10:45:00,10:45:00,S19,15,ＪＲ王子駅行,0,0
R1+0+S1+11,10:46:00,10:46:00,S17,16,ＪＲ王子駅行,0,0
R1+0+S1+11,10:47:00,10:47:00,S15,17,ＪＲ王子駅行,0,0
R1+0+S1+11,10:48:00,10:48:00,S13,18,ＪＲ王子駅行,0,0
R1+0+S1+11,10:49:00,10:49:00,S11,19,ＪＲ王子駅行,0,0
R1+0+S1+11,10:50:00,10:50:00,S9,20,ＪＲ王子駅行,0,0
R1+0+S1+11,10:55:00,10:55:00,S1,21,ＪＲ王子駅行,1,0
R1+0+S1+12,10:35:00,10:35:00,S1,1,北区役所行,0,1
R1+0+S1+12,10:36:00,10:36:00,S2,2,北区役所行,0,0
R1+0+S1+12,10:37:00,10:37:00,S3,3,北区役所行,0,0
R1+0+S1+12,10:41:00,10:41:00,S4,4,北区役所行,0,0
R1+0+S1+12,10:42:00,10:42:00,S5,5,北区役所行,0,0
R1+0+S1+12,10:43:00,10:43:00,S6,6,北区役所行,0,0
R1+0+S1+12,10:45:00,10:45:00,S7,7,ＪＲ駒込駅行,0,0
R1+0+S1+12,10:48:00,10:48:00,S8,8,ＪＲ駒込駅行,0,0
R1+0+S1+12,10:49:00,10:49:00,S10,9,ＪＲ駒込駅行,0,0
R1+0+S1+12,10:53:00,10:53:00,S12,10,ＪＲ駒込駅行,0,0
R1+0+S1+12,10:55:00,10:55:00,S14,11,ＪＲ駒込駅行,0,0
R1+0+S1+12,10:56:00,10:56:00,S16,12,ＪＲ駒込駅行,0,0
R1+0+S1+12,10:56:00,10:56:00,S18,13,ＪＲ駒込駅行,0,0
R1+0+S1+12,11:02:00,11:02:00,S20,14,ＪＲ王子駅行,0,0
R1+0+S1+12,11:05:00,11:05:00,S19,15,ＪＲ王子駅行,0,0
R1+0+S1+12,11:06:00,11:06:00,S17,16,ＪＲ王子駅行,0,0
R1+0+S1+12,11:07:00,11:07:00,S15,17,ＪＲ王子駅行,0,0
R1+0+S1+12,11:08:00,11:08:00,S13,18,ＪＲ王子駅行,0,0
R1+0+S1+12,11:09:00,11:09:00,S11,19,ＪＲ王子駅行,0,0
R1+0+S1+12,11:10:00,11:10:00,S9,20,ＪＲ王子駅行,0,0
R1+0+S1+12,11:15:00,11:15:00,S1,21,ＪＲ王子駅行,1,0
R1+0+S1+13,10:55:00,10:55:00,S1,1,北区役所行,0,1
R1+0+S1+13,10:56:00,10:56:00,S2,2,北区役所行,0,0
R1+0+S1+13,10:57:00,10:57:00,S3,3,北区役所行,0,0
R1+0+S1+13,11:01:00,11:01:00,S4,4,北区役所行,0,0
R1+0+S1+13,11:02:00,11:02:00,S5,5,北区役所行,0,0
R1+0+S1+13,11:03:00,11:03:00,S6,6,北区役所行,0,0
R1+0+S1+13,11:05:00,11:05:00,S7,7,ＪＲ駒込駅行,0,0
R1+0+S1+13,11:08:00,11:08:00,S8,8,ＪＲ駒込駅行,0,0
R1+0+S1+13,11:09:00,11:09:00,S10,9,ＪＲ駒込駅行,0,0
R1+0+S1+13,11:13:00,11:13:00,S12,10,ＪＲ駒込駅行,0,0
R1+0+S1+13,11:15:00,11:15:00,S14,11,ＪＲ駒込駅行,0,0
R1+0+S1+13,11:16:00,11:16:00,S16,12,ＪＲ駒込駅行,0,0
R1+0+S1+13,11:16:00,11:16:00,S18,13,ＪＲ駒込駅行,0,0
R1+0+S1+13,11:22:00,11:22:00,S20,14,ＪＲ王子駅行,0,0
R1+0+S1+13,11:25:00,11:25:00,S19,15,ＪＲ王子駅行,0,0
R1+0+S1+13,11:26:00,11:26:00,S17,16,ＪＲ王子駅行,0,0
R1+0+S1+13,11:27:00,11:27:00,S15,17,ＪＲ王子駅行,0,0
R1+0+S1+13,11:28:00,11:28:00,S13,18,ＪＲ王子駅行,0,0
R1+0+S1+13,11:29:00,11:29:00,S11,19,ＪＲ王子駅行,0,0
R1+0+S1+13,11:30:00,11:30:00,S9,20,ＪＲ王子駅行,0,0
R1+0+S1+13,11:35:00,11:35:00,S1,21,ＪＲ王子駅行,1,0
R1+0+S1+14,11:15:00,11:15:00,S1,1,北区役所行,0,1
R1+0+S1+14,11:16:00,11:16:00,S2,2,北区役所行,0,0
R1+0+S1+14,11:17:00,11:17:00,S3,3,北区役所行,0,0
R1+0+S1+14,11:21:00,11:21:00,S4,4,北区役所行,0,0
R1+0+S1+14,11:22:00,11:22:00,S5,5,北区役所行,0,0
R1+0+S1+14,11:23:00,11:23:00,S6,6,北区役所行,0,0
R1+0+S1+14,11:25:00,11:25:00,S7,7,ＪＲ駒込駅行,0,0
R1+0+S1+14,11:28:00,11:28:00,S8,8,ＪＲ駒込駅行,0,0
R1+0+S1+14,11:29:00,11:29:00,S10,9,ＪＲ駒込駅行,0,0
R1+0+S1+14,11:33:00,11:33:00,S12,10,ＪＲ駒込駅行,0,0
R1+0+S1+14,11:35:00,11:35:00,S14,11,ＪＲ駒込駅行,0,0
R1+0+S1+14,11:36:00,11:36:00,S16,12,ＪＲ駒込駅行,0,0
R1+0+S1+14,11:36:00,11:36:00,S18,13,ＪＲ駒込駅行,0,0
R1+0+S1+14,11:42:00,11:42:00,S20,14,ＪＲ王子駅行,0,0
R1+0+S1+14,11:45:00,11:45:00,S19,15,ＪＲ王子駅行,0,0
R1+0+S1+14,11:46:00,11:46:00,S17,16,ＪＲ王子駅行,0,0
R1+0+S1+14,11:47:00,11:47:00,S15,17,ＪＲ王子駅行,0,0
R1+0+S1+14,11:48:00,11:48:00,S13,18,ＪＲ王子駅行,0,0
R1+0+S1+14,11:49:00,11:49:00,S11,19,ＪＲ王子駅行,0,0
R1+0+S1+14,11:50:00,11:50:00,S9,20,ＪＲ王子駅行,0,0
R1+0+S1+14,11:55:00,11:55:00,S1,21,ＪＲ王子駅行,1,0
R1+0+S1+15,11:35:00,11:35:00,S1,1,北区役所行,0,1
R1+0+S1+15,11:36:00,11:36:00,S2,2,北区役所行,0,0
R1+0+S1+15,11:37:00,11:37:00,S3,3,北区役所行,0,0
R1+0+S1+15,11:41:00,11:41:00,S4,4,北区役所行,0,0
R1+0+S1+15,11:42:00,11:42:00,S5,5,北区役所行,0,0
R1+0+S1+15,11:43:00,11:43:00,S6,6,北区役所行,0,0
R1+0+S1+15,11:45:00,11:45:00,S7,7,ＪＲ駒込駅行,0,0
R1+0+S1+15,11:48:00,11:48:00,S8,8,ＪＲ駒込駅行,0,0
R1+0+S1+15,11:49:00,11:49:00,S10,9,ＪＲ駒込駅行,0,0
R1+0+S1+15,11:53:00,11:53:00,S12,10,ＪＲ駒込駅行,0,0
R1+0+S1+15,11:55:00,11:55:00,S14,11,ＪＲ駒込駅行,0,0
R1+0+S1+15,11:56:00,11:56:00,S16,12,ＪＲ駒込駅行,0,0
R1+0+S1+15,11:56:00,11:56:00,S18,13,ＪＲ駒込駅行,0,0
R1+0+S1+15,12:02:00,12:02:00,S20,14,ＪＲ王子駅行,0,0
R1+0+S1+15,12:05:00,12:05:00,S19,15,ＪＲ王子駅行,0,0
R1+0+S1+15,12:06:00,12:06:00,S17,16,ＪＲ王子駅行,0,0
R1+0+S1+15,12:07:00,12:07:00,S15,17,ＪＲ王子駅行,0,0
R1+0+S1+15,12:08:00,12:08:00,S13,18,ＪＲ王子駅行,0,0
R1+0+S1+15,12:09:00,12:09:00,S11,19,ＪＲ王子駅行,0,0
R1+0+S1+15,12:10:00,12:10:00,S9,20,ＪＲ王子駅行,0,0
R1+0+S1+15,12:15:00,12:15:00,S1,21,ＪＲ王子駅行,1,0
R1+0+S1+16,11:55:00,11:55:00,S1,1,北区役所行,0,1
R1+0+S1+16,11:56:00,11:56:00,S2,2,北区役所行,0,0
R1+0+S1+16,11:57:00,11:57:00,S3,3,北区役所行,0,0
R1+0+S1+16,12:01:00,12:01:00,S4,4,北区役所行,0,0
R1+0+S1+16,12:02:00,12:02:00,S5,5,北区役所行,0,0
R1+0+S1+16,12:03:00,12:03:00,S6,6,北区役所行,0,0
R1+0+S1+16,12:05:00,12:05:00,S7,7,ＪＲ駒込駅行,0,0
R1+0+S1+16,12:08:00,12:08:00,S8,8,ＪＲ駒込駅行,0,0
R1+0+S1+16,12:09:00,12:09:00,S10,9,ＪＲ駒込駅行,0,0
R1+0+S1+16,12:13:00,12:13:00,S12,10,ＪＲ駒込駅行,0,0
R1+0+S1+16,12:15:00,12:15:00,S14,11,ＪＲ駒込駅行,0,0
R1+0+S1+16,12:16:00,12:16:00,S16,12,ＪＲ駒込駅行,0,0
R1+0+S1+16,12:16:00,12:16:00,S18,13,ＪＲ駒込駅行,0,0
R1+0+S1+16,12:22:00,12:22:00,S20,14,ＪＲ王子駅行,0,0
R1+0+S1+16,12:25:00,12:25:00,S19,15,ＪＲ王子駅行,0,0
R1+0+S1+16,12:26:00,12:26:00,S17,16,ＪＲ王子駅行,0,0
R1+0+S1+16,12:27:00,12:27:00,S15,17,ＪＲ王子駅行,0,0
R1+0+S1+16,12:28:00,12:28:00,S13,18,ＪＲ王子駅行,0,0
R1+0+S1+16,12:29:00,12:29:00,S11,19,ＪＲ王子駅行,0,0
R1+0+S1+16,12:30:00,12:30:00,S9,20,ＪＲ王子駅行,0,0
R1+0+S1+16,12:35:00,12:35:00,S1,21,ＪＲ王子駅行,1,0
R1+0+S1+17,12:15:00,12:15:00,S1,1,北区役所行,0,1
R1+0+S1+17,12:16:00,12:16:00,S2,2,北区役所行,0,0
R1+0+S1+17,12:17:00,12:17:00,S3,3,北区役所行,0,0
R1+0+S1+17,12:21:00,12:21:00,S4,4,北区役所行,0,0
R1+0+S1+17,12:22:00,12:22:00,S5,5,北区役所行,0,0
R1+0+S1+17,12:23:00,12:23:00,S6,6,北区役所行,0,0
R1+0+S1+17,12:25:00,12:25:00,S7,7,ＪＲ駒込駅行,0,0
R1+0+S1+17,12:28:00,12:28:00,S8,8,ＪＲ駒込駅行,0,0
R1+0+S1+17,12:29:00,12:29:00,S10,9,ＪＲ駒込駅行,0,0
R1+0+S1+17,12:33:00,12:33:00,S12,10,ＪＲ駒込駅行,0,0
R1+0+S1+17,12:35:00,12:35:00,S14,11,ＪＲ駒込駅行,0,0
R1+0+S1+17,12:36:00,12:36:00,S16,12,ＪＲ駒込駅行,0,0
R1+0+S1+17,12:36:00,12:36:00,S18,13,ＪＲ駒込駅行,0,0
R1+0+S1+17,12:42:00,12:42:00,S20,14,ＪＲ王子駅行,0,0
R1+0+S1+17,12:45:00,12:45:00,S19,15,ＪＲ王子駅行,0,0
R1+0+S1+17,12:46:00,12:46:00,S17,16,ＪＲ王子駅行,0,0
R1+0+S1+17,12:47:00,12:47:00,S15,17,ＪＲ王子駅行,0,0
R1+0+S1+17,12:48:00,12:48:00,S13,18,ＪＲ王子駅行,0,0
R1+0+S1+17,12:49:00,12:49:00,S11,19,ＪＲ王子駅行,0,0
R1+0+S1+17,12:50:00,12:50:00,S9,20,ＪＲ王子駅行,0,0
R1+0+S1+17,12:55:00,12:55:00,S1,21,ＪＲ王子駅行,1,0
R1+0+S1+18,12:35:00,12:35:00,S1,1,北区役所行,0,1
R1+0+S1+18,12:36:00,12:36:00,S2,2,北区役所行,0,0
R1+0+S1+18,12:37:00,12:37:00,S3,3,北区役所行,0,0
R1+0+S1+18,12:41:00,12:41:00,S4,4,北区役所行,0,0
R1+0+S1+18,12:42:00,12:42:00,S5,5,北区役所行,0,0
R1+0+S1+18,12:43:00,12:43:00,S6,6,北区役所行,0,0
R1+0+S1+18,12:45:00,12:45:00,S7,7,ＪＲ駒込駅行,0,0
R1+0+S1+18,12:48:00,12:48:00,S8,8,ＪＲ駒込駅行,0,0
R1+0+S1+18,12:49:00,12:49:00,S10,9,ＪＲ駒込駅行,0,0
R1+0+S1+18,12:53:00,12:53:00,S12,10,ＪＲ駒込駅行,0,0
R1+0+S1+18,12:55:00,12:55:00,S14,11,ＪＲ駒込駅行,0,0
R1+0+S1+18,12:56:00,12:56:00,S16,12,ＪＲ駒込駅行,0,0
R1+0+S1+18,12:56:00,12:56:00,S18,13,ＪＲ駒込駅行,0,0
R1+0+S1+18,13:02:00,13:02:00,S20,14,ＪＲ王子駅行,0,0
R1+0+S1+18,13:05:00,13:05:00,S19,15,ＪＲ王子駅行,0,0
R1+0+S1+18,13:06:00,13:06:00,S17,16,ＪＲ王子駅行,0,0
R1+0+S1+18,13:07:00,13:07:00,S15,17,ＪＲ王子駅行,0,0
R1+0+S1+18,13:08:00,13:08:00,S13,18,ＪＲ王子駅行,0,0
R1+0+S1+18,13:09:00,13:09:00,S11,19,ＪＲ王子駅行,0,0
R1+0+S1+18,13:10:00,13:10:00,S9,20,ＪＲ王子駅行,0,0
R1+0+S1+18,13:15:00,13:15:00,S1,21,ＪＲ王子駅行,1,0
R1+0+S1+19,12:55:00,12:55:00,S1,1,北区役所行,0,1
R1+0+S1+19,12:56:00,12:56:00,S2,2,北区役所行,0,0
R1+0+S1+19,12:57:00,12:57:00,S3,3,北区役所行,0,0
R1+0+S1+19,13:01:00,13:01:00,S4,4,北区役所行,0,0
R1+0+S1+19,13:02:00,13:02:00,S5,5,北区役所行,0,0
R1+0+S1+19,13:03:00,13:03:00,S6,6,北区役所行,0,0
R1+0+S1+19,13:05:00,13:05:00,S7,7,ＪＲ駒込駅行,0,0
R1+0+S1+19,13:08:00,13:08:00,S8,8,ＪＲ駒込駅行,0,0
R1+0+S1+19,13:09:00,13:09:00,S10,9,ＪＲ駒込駅行,0,0
R1+0+S1+19,13:13:00,13:13:00,S12,10,ＪＲ駒込駅行,0,0
R1+0+S1+19,13:15:00,13:15:00,S14,11,ＪＲ駒込駅行,0,0
R1+0+S1+19,13:16:00,13:16:00,S16,12,ＪＲ駒込駅行,0,0
R1+0+S1+19,13:16:00,13:16:00,S18,13,ＪＲ駒込駅行,0,0
R1+0+S1+19,13:22:00,13:22:00,S20,14,ＪＲ王子駅行,0,0
R1+0+S1+19,13:25:00,13:25:00,S19,15,ＪＲ王子駅行,0,0
R1+0+S1+19,13:26:00,13:26:00,S17,16,ＪＲ王子駅行,0,0
R1+0+S1+19,13:27:00,13:27:00,S15,17,ＪＲ王子駅行,0,0
R1+0+S1+19,13:28:00,13:28:00,S13,18,ＪＲ王子駅行,0,0
R1+0+S1+19,13:29:00,13:29:00,S11,19,ＪＲ王子駅行,0,0
R1+0+S1+19,13:30:00,13:30:00,S9,20,ＪＲ王子駅行,0,0
R1+0+S1+19,13:35:00,13:35:00,S1,21,ＪＲ王子駅行,1,0
R1+0+S1+20,13:15:00,13:15:00,S1,1,北区役所行,0,1
R1+0+S1+20,13:16:00,13:16:00,S2,2,北区役所行,0,0
R1+0+S1+20,13:17:00,13:17:00,S3,3,北区役所行,0,0
R1+0+S1+20,13:21:00,13:21:00,S4,4,北区役所行,0,0
R1+0+S1+20,13:22:00,13:22:00,S5,5,北区役所行,0,0
R1+0+S1+20,13:23:00,13:23:00,S6,6,北区役所行,0,0
R1+0+S1+20,13:25:00,13:25:00,S7,7,ＪＲ駒込駅行,0,0
R1+0+S1+20,13:28:00,13:28:00,S8,8,ＪＲ駒込駅行,0,0
R1+0+S1+20,13:29:00,13:29:00,S10,9,ＪＲ駒込駅行,0,0
R1+0+S1+20,13:33:00,13:33:00,S12,10,ＪＲ駒込駅行,0,0
R1+0+S1+20,13:35:00,13:35:00,S14,11,ＪＲ駒込駅行,0,0
R1+0+S1+20,13:36:00,13:36:00,S16,12,ＪＲ駒込駅行,0,0
R1+0+S1+20,13:36:00,13:36:00,S18,13,ＪＲ駒込駅行,0,0
R1+0+S1+20,13:42:00,13:42:00,S20,14,ＪＲ王子駅行,0,0
R1+0+S1+20,13:45:00,13:45:00,S19,15,ＪＲ王子駅行,0,0
R1+0+S1+20,13:46:00,13:46:00,S17,16,ＪＲ王子駅行,0,0
R1+0+S1+20,13:47:00,13:47:00,S15,17,ＪＲ王子駅行,0,0
R1+0+S1+20,13:48:00,13:48:00,S13,18,ＪＲ王子駅行,0,0
R1+0+S1+20,13:49:00,13:49:00,S11,19,ＪＲ王子駅行,0,0
R1+0+S1+20,13:50:00,13:50:00,S9,20,ＪＲ王子駅行,0,0
R1+0+S1+20,13:55:00,13:55:00,S1,21,ＪＲ王子駅行,1,0
R1+0+S1+21,13:35:00,13:35:00,S1,1,北区役所行,0,1
R1+0+S1+21,13:36:00,13:36:00,S2,2,北区役所行,0,0
R1+0+S1+21,13:37:00,13:37:00,S3,3,北区役所行,0,0
R1+0+S1+21,13:41:00,13:41:00,S4,4,北区役所行,0,0
R1+0+S1+21,13:42:00,13:42:00,S5,5,北区役所行,0,0
R1+0+S1+21,13:43:00,13:43:00,S6,6,北区役所行,0,0
R1+0+S1+21,13:45:00,13:45:00,S7,7,ＪＲ駒込駅行,0,0
R1+0+S1+21,13:48:00,13:48:00,S8,8,ＪＲ駒込駅行,0,0
R1+0+S1+21,13:49:00,13:49:00,S10,9,ＪＲ駒込駅行,0,0
R1+0+S1+21,13:53:00,13:53:00,S12,10,ＪＲ駒込駅行,0,0
R1+0+S1+21,13:55:00,13:55:00,S14,11,ＪＲ駒込駅行,0,0
R1+0+S1+21,13:56:00,13:56:00,S16,12,ＪＲ駒込駅行,0,0
R1+0+S1+21,13:56:00,13:56:00,S18,13,ＪＲ駒込駅行,0,0
R1+0+S1+21,14:02:00,14:02:00,S20,14,ＪＲ王子駅行,0,0
R1+0+S1+21,14:05:00,14:05:00,S19,15,ＪＲ王子駅行,0,0
R1+0+S1+21,14:06:00,14:06:00,S17,16,ＪＲ王子駅行,0,0
R1+0+S1+21,14:07:00,14:07:00,S15,17,ＪＲ王子駅行,0,0
R1+0+S1+21,14:08:00,14:08:00,S13,18,ＪＲ王子駅行,0,0
R1+0+S1+21,14:09:00,14:09:00,S11,19,ＪＲ王子駅行,0,0
R1+0+S1+21,14:10:00,14:10:00,S9,20,ＪＲ王子駅行,0,0
R1+0+S1+21,14:15:00,14:15:00,S1,21,ＪＲ王子駅行,1,0
R1+0+S1+22,13:55:00,13:55:00,S1,1,北区役所行,0,1
R1+0+S1+22,13:56:00,13:56:00,S2,2,北区役所行,0,0
R1+0+S1+22,13:57:00,13:57:00,S3,3,北区役所行,0,0
R1+0+S1+22,14:01:00,14:01:00,S4,4,北区役所行,0,0
R1+0+S1+22,14:02:00,14:02:00,S5,5,北区役所行,0,0
R1+0+S1+22,14:03:00,14:03:00,S6,6,北区役所行,0,0
R1+0+S1+22,14:05:00,14:05:00,S7,7,ＪＲ駒込駅行,0,0
R1+0+S1+22,14:08:00,14:08:00,S8,8,ＪＲ駒込駅行,0,0
R1+0+S1+22,14:09:00,14:09:00,S10,9,ＪＲ駒込駅行,0,0
R1+0+S1+22,14:13:00,14:13:00,S12,10,ＪＲ駒込駅行,0,0
R1+0+S1+22,14:15:00,14:15:00,S14,11,ＪＲ駒込駅行,0,0
R1+0+S1+22,14:16:00,14:16:00,S16,12,ＪＲ駒込駅行,0,0
R1+0+S1+22,14:16:00,14:16:00,S18,13,ＪＲ駒込駅行,0,0
R1+0+S1+22,14:22:00,14:22:00,S20,14,ＪＲ王子駅行,0,0
R1+0+S1+22,14:25:00,14:25:00,S19,15,ＪＲ王子駅行,0,0
R1+0+S1+22,14:26:00,14:26:00,S17,16,ＪＲ王子駅行,0,0
R1+0+S1+22,14:27:00,14:27:00,S15,17,ＪＲ王子駅行,0,0
R1+0+S1+22,14:28:00,14:28:00,S13,18,ＪＲ王子駅行,0,0
R1+0+S1+22,14:29:00,14:29:00,S11,19,ＪＲ王子駅行,0,0
R1+0+S1+22,14:30:00,14:30:00,S9,20,ＪＲ王子駅行,0,0
R1+0+S1+22,14:35:00,14:35:00,S1,21,ＪＲ王子駅行,1,0
R1+0+S1+23,14:15:00,14:15:00,S1,1,北区役所行,0,1
R1+0+S1+23,14:16:00,14:16:00,S2,2,北区役所行,0,0
R1+0+S1+23,14:17:00,14:17:00,S3,3,北区役所行,0,0
R1+0+S1+23,14:21:00,14:21:00,S4,4,北区役所行,0,0
R1+0+S1+23,14:22:00,14:22:00,S5,5,北区役所行,0,0
R1+0+S1+23,14:23:00,14:23:00,S6,6,北区役所行,0,0
R1+0+S1+23,14:25:00,14:25:00,S7,7,ＪＲ駒込駅行,0,0
R1+0+S1+23,14:28:00,14:28:00,S8,8,ＪＲ駒込駅行,0,0
R1+0+S1+23,14:29:00,14:29:00,S10,9,ＪＲ駒込駅行,0,0
R1+0+S1+23,14:33:00,14:33:00,S12,10,ＪＲ駒込駅行,0,0
R1+0+S1+23,14:35:00,14:35:00,S14,11,ＪＲ駒込駅行,0,0
R1+0+S1+23,14:36:00,14:36:00,S16,12,ＪＲ駒込駅行,0,0
R1+0+S1+23,14:36:00,14:36:00,S18,13,ＪＲ駒込駅行,0,0
R1+0+S1+23,14:42:00,14:42:00,S20,14,ＪＲ王子駅行,0,0
R1+0+S1+23,14:45:00,14:45:00,S19,15,ＪＲ王子駅行,0,0
R1+0+S1+23,14:46:00,14:46:00,S17,16,ＪＲ王子駅行,0,0
R1+0+S1+23,14:47:00,14:47:00,S15,17,ＪＲ王子駅行,0,0
R1+0+S1+23,14:48:00,14:48:00,S13,18,ＪＲ王子駅行,0,0
R1+0+S1+23,14:49:00,14:49:00,S11,19,ＪＲ王子駅行,0,0
R1+0+S1+23,14:50:00,14:50:00,S9,20,ＪＲ王子駅行,0,0
R1+0+S1+23,14:55:00,14:55:00,S1,21,ＪＲ王子駅行,1,0
R1+0+S1+24,14:35:00,14:35:00,S1,1,北区役所行,0,1
R1+0+S1+24,14:36:00,14:36:00,S2,2,北区役所行,0,0
R1+0+S1+24,14:37:00,14:37:00,S3,3,北区役所行,0,0
R1+0+S1+24,14:41:00,14:41:00,S4,4,北区役所行,0,0
R1+0+S1+24,14:42:00,14:42:00,S5,5,北区役所行,0,0
R1+0+S1+24,14:43:00,14:43:00,S6,6,北区役所行,0,0
R1+0+S1+24,14:45:00,14:45:00,S7,7,ＪＲ駒込駅行,0,0
R1+0+S1+24,14:48:00,14:48:00,S8,8,ＪＲ駒込駅行,0,0
R1+0+S1+24,14:49:00,14:49:00,S10,9,ＪＲ駒込駅行,0,0
R1+0+S1+24,14:53:00,14:53:00,S12,10,ＪＲ駒込駅行,0,0
R1+0+S1+24,14:55:00,14:55:00,S14,11,ＪＲ駒込駅行,0,0
R1+0+S1+24,14:56:00,14:56:00,S16,12,ＪＲ駒込駅行,0,0
R1+0+S1+24,14:56:00,14:56:00,S18,13,ＪＲ駒込駅行,0,0
R1+0+S1+24,15:02:00,15:02:00,S20,14,ＪＲ王子駅行,0,0
R1+0+S1+24,15:05:00,15:05:00,S19,15,ＪＲ王子駅行,0,0
R1+0+S1+24,15:06:00,15:06:00,S17,16,ＪＲ王子駅行,0,0
R1+0+S1+24,15:07:00,15:07:00,S15,17,ＪＲ王子駅行,0,0
R1+0+S1+24,15:08:00,15:08:00,S13,18,ＪＲ王子駅行,0,0
R1+0+S1+24,15:09:00,15:09:00,S11,19,ＪＲ王子駅行,0,0
R1+0+S1+24,15:10:00,15:10:00,S9,20,ＪＲ王子駅行,0,0
R1+0+S1+24,15:15:00,15:15:00,S1,21,ＪＲ王子駅行,1,0
R1+0+S1+25,14:55:00,14:55:00,S1,1,北区役所行,0,1
R1+0+S1+25,14:56:00,14:56:00,S2,2,北区役所行,0,0
R1+0+S1+25,14:57:00,14:57:00,S3,3,北区役所行,0,0
R1+0+S1+25,15:01:00,15:01:00,S4,4,北区役所行,0,0
R1+0+S1+25,15:02:00,15:02:00,S5,5,北区役所行,0,0
R1+0+S1+25,15:03:00,15:03:00,S6,6,北区役所行,0,0
R1+0+S1+25,15:05:00,15:05:00,S7,7,ＪＲ駒込駅行,0,0
R1+0+S1+25,15:08:00,15:08:00,S8,8,ＪＲ駒込駅行,0,0
R1+0+S1+25,15:09:00,15:09:00,S10,9,ＪＲ駒込駅行,0,0
R1+0+S1+25,15:13:00,15:13:00,S12,10,ＪＲ駒込駅行,0,0
R1+0+S1+25,15:15:00,15:15:00,S14,11,ＪＲ駒込駅行,0,0
R1+0+S1+25,15:16:00,15:16:00,S16,12,ＪＲ駒込駅行,0,0
R1+0+S1+25,15:16:00,15:16:00,S18,13,ＪＲ駒込駅行,0,0
R1+0+S1+25,15:22:00,15:22:00,S20,14,ＪＲ王子駅行,0,0
R1+0+S1+25,15:25:00,15:25:00,S19,15,ＪＲ王子駅行,0,0
R1+0+S1+25,15:26:00,15:26:00,S17,16,ＪＲ王子駅行,0,0
R1+0+S1+25,15:27:00,15:27:00,S15,17,ＪＲ王子駅行,0,0
R1+0+S1+25,15:28:00,15:28:00,S13,18,ＪＲ王子駅行,0,0
R1+0+S1+25,15:29:00,15:29:00,S11,19,ＪＲ王子駅行,0,0
R1+0+S1+25,15:30:00,15:30:00,S9,20,ＪＲ王子駅行,0,0
R1+0+S1+25,15:35:00,15:35:00,S1,21,ＪＲ王子駅行,1,0
R1+0+S1+26,15:15:00,15:15:00,S1,1,北区役所行,0,1
R1+0+S1+26,15:16:00,15:16:00,S2,2,北区役所行,0,0
R1+0+S1+26,15:17:00,15:17:00,S3,3,北区役所行,0,0
R1+0+S1+26,15:21:00,15:21:00,S4,4,北区役所行,0,0
R1+0+S1+26,15:22:00,15:22:00,S5,5,北区役所行,0,0
R1+0+S1+26,15:23:00,15:23:00,S6,6,北区役所行,0,0
R1+0+S1+26,15:25:00,15:25:00,S7,7,ＪＲ駒込駅行,0,0
R1+0+S1+26,15:28:00,15:28:00,S8,8,ＪＲ駒込駅行,0,0
R1+0+S1+26,15:29:00,15:29:00,S10,9,ＪＲ駒込駅行,0,0
R1+0+S1+26,15:33:00,15:33:00,S12,10,ＪＲ駒込駅行,0,0
R1+0+S1+26,15:35:00,15:35:00,S14,11,ＪＲ駒込駅行,0,0
R1+0+S1+26,15:36:00,15:36:00,S16,12,ＪＲ駒込駅行,0,0
R1+0+S1+26,15:36:00,15:36:00,S18,13,ＪＲ駒込駅行,0,0
R1+0+S1+26,15:42:00,15:42:00,S20,14,ＪＲ王子駅行,0,0
R1+0+S1+26,15:45:00,15:45:00,S19,15,ＪＲ王子駅行,0,0
R1+0+S1+26,15:46:00,15:46:00,S17,16,ＪＲ王子駅行,0,0
R1+0+S1+26,15:47:00,15:47:00,S15,17,ＪＲ王子駅行,0,0
R1+0+S1+26,15:48:00,15:48:00,S13,18,ＪＲ王子駅行,0,0
R1+0+S1+26,15:49:00,15:49:00,S11,19,ＪＲ王子駅行,0,0
R1+0+S1+26,15:50:00,15:50:00,S9,20,ＪＲ王子駅行,0,0
R1+0+S1+26,15:55:00,15:55:00,S1,21,ＪＲ王子駅行,1,0
R1+0+S1+27,15:35:00,15:35:00,S1,1,北区役所行,0,1
R1+0+S1+27,15:36:00,15:36:00,S2,2,北区役所行,0,0
R1+0+S1+27,15:37:00,15:37:00,S3,3,北区役所行,0,0
R1+0+S1+27,15:41:00,15:41:00,S4,4,北区役所行,0,0
R1+0+S1+27,15:42:00,15:42:00,S5,5,北区役所行,0,0
R1+0+S1+27,15:43:00,15:43:00,S6,6,北区役所行,0,0
R1+0+S1+27,15:45:00,15:45:00,S7,7,ＪＲ駒込駅行,0,0
R1+0+S1+27,15:48:00,15:48:00,S8,8,ＪＲ駒込駅行,0,0
R1+0+S1+27,15:49:00,15:49:00,S10,9,ＪＲ駒込駅行,0,0
R1+0+S1+27,15:53:00,15:53:00,S12,10,ＪＲ駒込駅行,0,0
R1+0+S1+27,15:55:00,15:55:00,S14,11,ＪＲ駒込駅行,0,0
R1+0+S1+27,15:56:00,15:56:00,S16,12,ＪＲ駒込駅行,0,0
R1+0+S1+27,15:56:00,15:56:00,S18,13,ＪＲ駒込駅行,0,0
R1+0+S1+27,16:02:00,16:02:00,S20,14,ＪＲ王子駅行,0,0
R1+0+S1+27,16:05:00,16:05:00,S19,15,ＪＲ王子駅行,0,0
R1+0+S1+27,16:06:00,16:06:00,S17,16,ＪＲ王子駅行,0,0
R1+0+S1+27,16:07:00,16:07:00,S15,17,ＪＲ王子駅行,0,0
R1+0+S1+27,16:08:00,16:08:00,S13,18,ＪＲ王子駅行,0,0
R1+0+S1+27,16:09:00,16:09:00,S11,19,ＪＲ王子駅行,0,0
R1+0+S1+27,16:10:00,16:10:00,S9,20,ＪＲ王子駅行,0,0
R1+0+S1+27,16:15:00,16:15:00,S1,21,ＪＲ王子駅行,1,0
R1+0+S1+28,15:55:00,15:55:00,S1,1,北区役所行,0,1
R1+0+S1+28,15:56:00,15:56:00,S2,2,北区役所行,0,0
R1+0+S1+28,15:57:00,15:57:00,S3,3,北区役所行,0,0
R1+0+S1+28,16:01:00,16:01:00,S4,4,北区役所行,0,0
R1+0+S1+28,16:02:00,16:02:00,S5,5,北区役所行,0,0
R1+0+S1+28,16:03:00,16:03:00,S6,6,北区役所行,0,0
R1+0+S1+28,16:05:00,16:05:00,S7,7,ＪＲ駒込駅行,0,0
R1+0+S1+28,16:08:00,16:08:00,S8,8,ＪＲ駒込駅行,0,0
R1+0+S1+28,16:09:00,16:09:00,S10,9,ＪＲ駒込駅行,0,0
R1+0+S1+28,16:13:00,16:13:00,S12,10,ＪＲ駒込駅行,0,0
R1+0+S1+28,16:15:00,16:15:00,S14,11,ＪＲ駒込駅行,0,0
R1+0+S1+28,16:16:00,16:16:00,S16,12,ＪＲ駒込駅行,0,0
R1+0+S1+28,16:16:00,16:16:00,S18,13,ＪＲ駒込駅行,0,0
R1+0+S1+28,16:22:00,16:22:00,S20,14,ＪＲ王子駅行,0,0
R1+0+S1+28,16:25:00,16:25:00,S19,15,ＪＲ王子駅行,0,0
R1+0+S1+28,16:26:00,16:26:00,S17,16,ＪＲ王子駅行,0,0
R1+0+S1+28,16:27:00,16:27:00,S15,17,ＪＲ王子駅行,0,0
R1+0+S1+28,16:28:00,16:28:00,S13,18,ＪＲ王子駅行,0,0
R1+0+S1+28,16:29:00,16:29:00,S11,19,ＪＲ王子駅行,0,0
R1+0+S1+28,16:30:00,16:30:00,S9,20,ＪＲ王子駅行,0,0
R1+0+S1+28,16:35:00,16:35:00,S1,21,ＪＲ王子駅行,1,0
R1+0+S1+29,16:15:00,16:15:00,S1,1,北区役所行,0,1
R1+0+S1+29,16:16:00,16:16:00,S2,2,北区役所行,0,0
R1+0+S1+29,16:17:00,16:17:00,S3,3,北区役所行,0,0
R1+0+S1+29,16:21:00,16:21:00,S4,4,北区役所行,0,0
R1+0+S1+29,16:22:00,16:22:00,S5,5,北区役所行,0,0
R1+0+S1+29,16:23:00,16:23:00,S6,6,北区役所行,0,0
R1+0+S1+29,16:25:00,16:25:00,S7,7,ＪＲ駒込駅行,0,0
R1+0+S1+29,16:28:00,16:28:00,S8,8,ＪＲ駒込駅行,0,0
R1+0+S1+29,16:29:00,16:29:00,S10,9,ＪＲ駒込駅行,0,0
R1+0+S1+29,16:33:00,16:33:00,S12,10,ＪＲ駒込駅行,0,0
R1+0+S1+29,16:35:00,16:35:00,S14,11,ＪＲ駒込駅行,0,0
R1+0+S1+29,16:36:00,16:36:00,S16,12,ＪＲ駒込駅行,0,0
R1+0+S1+29,16:36:00,16:36:00,S18,13,ＪＲ駒込駅行,0,0
R1+0+S1+29,16:42:00,16:42:00,S20,14,ＪＲ王子駅行,0,0
R1+0+S1+29,16:45:00,16:45:00,S19,15,ＪＲ王子駅行,0,0
R1+0+S1+29,16:46:00,16:46:00,S17,16,ＪＲ王子駅行,0,0
R1+0+S1+29,16:47:00,16:47:00,S15,17,ＪＲ王子駅行,0,0
R1+0+S1+29,16:48:00,16:48:00,S13,18,ＪＲ王子駅行,0,0
R1+0+S1+29,16:49:00,16:49:00,S11,19,ＪＲ王子駅行,0,0
R1+0+S1+29,16:50:00,16:50:00,S9,20,ＪＲ王子駅行,0,0
R1+0+S1+29,16:55:00,16:55:00,S1,21,ＪＲ王子駅行,1,0
R1+0+S1+30,16:35:00,16:35:00,S1,1,北区役所行,0,1
R1+0+S1+30,16:36:00,16:36:00,S2,2,北区役所行,0,0
R1+0+S1+30,16:37:00,16:37:00,S3,3,北区役所行,0,0
R1+0+S1+30,16:41:00,16:41:00,S4,4,北区役所行,0,0
R1+0+S1+30,16:42:00,16:42:00,S5,5,北区役所行,0,0
R1+0+S1+30,16:43:00,16:43:00,S6,6,北区役所行,0,0
R1+0+S1+30,16:45:00,16:45:00,S7,7,ＪＲ駒込駅行,0,0
R1+0+S1+30,16:48:00,16:48:00,S8,8,ＪＲ駒込駅行,0,0
R1+0+S1+30,16:49:00,16:49:00,S10,9,ＪＲ駒込駅行,0,0
R1+0+S1+30,16:53:00,16:53:00,S12,10,ＪＲ駒込駅行,0,0
R1+0+S1+30,16:55:00,16:55:00,S14,11,ＪＲ駒込駅行,0,0
R1+0+S1+30,16:56:00,16:56:00,S16,12,ＪＲ駒込駅行,0,0
R1+0+S1+30,16:56:00,16:56:00,S18,13,ＪＲ駒込駅行,0,0
R1+0+S1+30,17:04:00,17:04:00,S20,14,ＪＲ王子駅行,0,0
R1+0+S1+30,17:07:00,17:07:00,S19,15,ＪＲ王子駅行,0,0
R1+0+S1+30,17:08:00,17:08:00,S17,16,ＪＲ王子駅行,0,0
R1+0+S1+30,17:09:00,17:09:00,S15,17,ＪＲ王子駅行,0,0
R1+0+S1+30,17:10:00,17:10:00,S13,18,ＪＲ王子駅行,0,0
R1+0+S1+30,17:11:00,17:11:00,S11,19,ＪＲ王子駅行,0,0
R1+0+S1+30,17:12:00,17:12:00,S9,20,ＪＲ王子駅行,0,0
R1+0+S1+30,17:17:00,17:17:00,S1,21,ＪＲ王子駅行,1,0
R1+0+S1+31,16:55:00,16:55:00,S1,1,北区役所行,0,1
R1+0+S1+31,16:56:00,16:56:00,S2,2,北区役所行,0,0
R1+0+S1+31,16:57:00,16:57:00,S3,3,北区役所行,0,0
R1+0+S1+31,17:01:00,17:01:00,S4,4,北区役所行,0,0
R1+0+S1+31,17:02:00,17:02:00,S5,5,北区役所行,0,0
R1+0+S1+31,17:03:00,17:03:00,S6,6,北区役所行,0,0
R1+0+S1+31,17:05:00,17:05:00,S7,7,ＪＲ駒込駅行,0,0
R1+0+S1+31,17:08:00,17:08:00,S8,8,ＪＲ駒込駅行,0,0
R1+0+S1+31,17:09:00,17:09:00,S10,9,ＪＲ駒込駅行,0,0
R1+0+S1+31,17:13:00,17:13:00,S12,10,ＪＲ駒込駅行,0,0
R1+0+S1+31,17:15:00,17:15:00,S14,11,ＪＲ駒込駅行,0,0
R1+0+S1+31,17:16:00,17:16:00,S16,12,ＪＲ駒込駅行,0,0
R1+0+S1+31,17:16:00,17:16:00,S18,13,ＪＲ駒込駅行,0,0
R1+0+S1+31,17:22:00,17:22:00,S20,14,ＪＲ王子駅行,0,0
R1+0+S1+31,17:25:00,17:25:00,S19,15,ＪＲ王子駅行,0,0
R1+0+S1+31,17:26:00,17:26:00,S17,16,ＪＲ王子駅行,0,0
R1+0+S1+31,17:27:00,17:27:00,S15,17,ＪＲ王子駅行,0,0
R1+0+S1+31,17:28:00,17:28:00,S13,18,ＪＲ王子駅行,0,0
R1+0+S1+31,17:29:00,17:29:00,S11,19,ＪＲ王子駅行,0,0
R1+0+S1+31,17:30:00,17:30:00,S9,20,ＪＲ王子駅行,0,0
R1+0+S1+31,17:35:00,17:35:00,S1,21,ＪＲ王子駅行,1,0
R1+0+S1+32,17:17:00,17:17:00,S1,1,北区役所行,0,1
R1+0+S1+32,17:18:00,17:18:00,S2,2,北区役所行,0,0
R1+0+S1+32,17:19:00,17:19:00,S3,3,北区役所行,0,0
R1+0+S1+32,17:21:00,17:21:00,S4,4,北区役所行,0,0
R1+0+S1+32,17:22:00,17:22:00,S5,5,北区役所行,0,0
R1+0+S1+32,17:23:00,17:23:00,S6,6,北区役所行,0,0
R1+0+S1+32,17:25:00,17:25:00,S7,7,ＪＲ駒込駅行,0,0
R1+0+S1+32,17:28:00,17:28:00,S8,8,ＪＲ駒込駅行,0,0
R1+0+S1+32,17:29:00,17:29:00,S10,9,ＪＲ駒込駅行,0,0
R1+0+S1+32,17:33:00,17:33:00,S12,10,ＪＲ駒込駅行,0,0
R1+0+S1+32,17:35:00,17:35:00,S14,11,ＪＲ駒込駅行,0,0
R1+0+S1+32,17:36:00,17:36:00,S16,12,ＪＲ駒込駅行,0,0
R1+0+S1+32,17:36:00,17:36:00,S18,13,ＪＲ駒込駅行,0,0
R1+0+S1+32,17:42:00,17:42:00,S20,14,ＪＲ王子駅行,0,0
R1+0+S1+32,17:45:00,17:45:00,S19,15,ＪＲ王子駅行,0,0
R1+0+S1+32,17:46:00,17:46:00,S17,16,ＪＲ王子駅行,0,0
R1+0+S1+32,17:47:00,17:47:00,S15,17,ＪＲ王子駅行,0,0
R1+0+S1+32,17:48:00,17:48:00,S13,18,ＪＲ王子駅行,0,0
R1+0+S1+32,17:49:00,17:49:00,S11,19,ＪＲ王子駅行,0,0
R1+0+S1+32,17:50:00,17:50:00,S9,20,ＪＲ王子駅行,0,0
R1+0+S1+32,17:55:00,17:55:00,S1,21,ＪＲ王子駅行,1,0
R1+0+S1+33,17:35:00,17:35:00,S1,1,北区役所行,0,1
R1+0+S1+33,17:36:00,17:36:00,S2,2,北区役所行,0,0
R1+0+S1+33,17:37:00,17:37:00,S3,3,北区役所行,0,0
R1+0+S1+33,17:41:00,17:41:00,S4,4,北区役所行,0,0
R1+0+S1+33,17:42:00,17:42:00,S5,5,北区役所行,0,0
R1+0+S1+33,17:43:00,17:43:00,S6,6,北区役所行,0,0
R1+0+S1+33,17:45:00,17:45:00,S7,7,ＪＲ駒込駅行,0,0
R1+0+S1+33,17:48:00,17:48:00,S8,8,ＪＲ駒込駅行,0,0
R1+0+S1+33,17:49:00,17:49:00,S10,9,ＪＲ駒込駅行,0,0
R1+0+S1+33,17:53:00,17:53:00,S12,10,ＪＲ駒込駅行,0,0
R1+0+S1+33,17:55:00,17:55:00,S14,11,ＪＲ駒込駅行,0,0
R1+0+S1+33,17:56:00,17:56:00,S16,12,ＪＲ駒込駅行,0,0
R1+0+S1+33,17:56:00,17:56:00,S18,13,ＪＲ駒込駅行,0,0
R1+0+S1+33,18:04:00,18:04:00,S20,14,ＪＲ王子駅行,0,0
R1+0+S1+33,18:07:00,18:07:00,S19,15,ＪＲ王子駅行,0,0
R1+0+S1+33,18:08:00,18:08:00,S17,16,ＪＲ王子駅行,0,0
R1+0+S1+33,18:09:00,18:09:00,S15,17,ＪＲ王子駅行,0,0
R1+0+S1+33,18:10:00,18:10:00,S13,18,ＪＲ王子駅行,0,0
R1+0+S1+33,18:11:00,18:11:00,S11,19,ＪＲ王子駅行,0,0
R1+0+S1+33,18:12:00,18:12:00,S9,20,ＪＲ王子駅行,0,0
R1+0+S1+33,18:17:00,18:17:00,S1,21,ＪＲ王子駅行,1,0
R1+0+S1+34,17:55:00,17:55:00,S1,1,北区役所行,0,1
R1+0+S1+34,17:56:00,17:56:00,S2,2,北区役所行,0,0
R1+0+S1+34,17:57:00,17:57:00,S3,3,北区役所行,0,0
R1+0+S1+34,18:01:00,18:01:00,S4,4,北区役所行,0,0
R1+0+S1+34,18:02:00,18:02:00,S5,5,北区役所行,0,0
R1+0+S1+34,18:03:00,18:03:00,S6,6,北区役所行,0,0
R1+0+S1+34,18:05:00,18:05:00,S7,7,ＪＲ駒込駅行,0,0
R1+0+S1+34,18:08:00,18:08:00,S8,8,ＪＲ駒込駅行,0,0
R1+0+S1+34,18:09:00,18:09:00,S10,9,ＪＲ駒込駅行,0,0
R1+0+S1+34,18:13:00,18:13:00,S12,10,ＪＲ駒込駅行,0,0
R1+0+S1+34,18:15:00,18:15:00,S14,11,ＪＲ駒込駅行,0,0
R1+0+S1+34,18:16:00,18:16:00,S16,12,ＪＲ駒込駅行,0,0
R1+0+S1+34,18:16:00,18:16:00,S18,13,ＪＲ駒込駅行,0,0
R1+0+S1+34,18:22:00,18:22:00,S20,14,ＪＲ王子駅行,0,0
R1+0+S1+34,18:25:00,18:25:00,S19,15,ＪＲ王子駅行,0,0
R1+0+S1+34,18:26:00,18:26:00,S17,16,ＪＲ王子駅行,0,0
R1+0+S1+34,18:27:00,18:27:00,S15,17,ＪＲ王子駅行,0,0
R1+0+S1+34,18:28:00,18:28:00,S13,18,ＪＲ王子駅行,0,0
R1+0+S1+34,18:29:00,18:29:00,S11,19,ＪＲ王子駅行,0,0
R1+0+S1+34,18:30:00,18:30:00,S9,20,ＪＲ王子駅行,0,0
R1+0+S1+34,18:35:00,18:35:00,S1,21,ＪＲ王子駅行,1,0
R1+0+S1+35,18:17:00,18:17:00,S1,1,北区役所行,0,1
R1+0+S1+35,18:18:00,18:18:00,S2,2,北区役所行,0,0
R1+0+S1+35,18:19:00,18:19:00,S3,3,北区役所行,0,0
R1+0+S1+35,18:21:00,18:21:00,S4,4,北区役所行,0,0
R1+0+S1+35,18:22:00,18:22:00,S5,5,北区役所行,0,0
R1+0+S1+35,18:23:00,18:23:00,S6,6,北区役所行,0,0
R1+0+S1+35,18:25:00,18:25:00,S7,7,ＪＲ駒込駅行,0,0
R1+0+S1+35,18:28:00,18:28:00,S8,8,ＪＲ駒込駅行,0,0
R1+0+S1+35,18:29:00,18:29:00,S10,9,ＪＲ駒込駅行,0,0
R1+0+S1+35,18:33:00,18:33:00,S12,10,ＪＲ駒込駅行,0,0
R1+0+S1+35,18:35:00,18:35:00,S14,11,ＪＲ駒込駅行,0,0
R1+0+S1+35,18:36:00,18:36:00,S16,12,ＪＲ駒込駅行,0,0
R1+0+S1+35,18:36:00,18:36:00,S18,13,ＪＲ駒込駅行,0,0
R1+0+S1+35,18:42:00,18:42:00,S20,14,ＪＲ王子駅行,0,0
R1+0+S1+35,18:45:00,18:45:00,S19,15,ＪＲ王子駅行,0,0
R1+0+S1+35,18:46:00,18:46:00,S17,16,ＪＲ王子駅行,0,0
R1+0+S1+35,18:47:00,18:47:00,S15,17,ＪＲ王子駅行,0,0
R1+0+S1+35,18:48:00,18:48:00,S13,18,ＪＲ王子駅行,0,0
R1+0+S1+35,18:49:00,18:49:00,S11,19,ＪＲ王子駅行,0,0
R1+0+S1+35,18:50:00,18:50:00,S9,20,ＪＲ王子駅行,0,0
R1+0+S1+35,18:55:00,18:55:00,S1,21,ＪＲ王子駅行,1,0
R1+0+S1+36,18:35:00,18:35:00,S1,1,北区役所行,0,1
R1+0+S1+36,18:36:00,18:36:00,S2,2,北区役所行,0,0
R1+0+S1+36,18:37:00,18:37:00,S3,3,北区役所行,0,0
R1+0+S1+36,18:41:00,18:41:00,S4,4,北区役所行,0,0
R1+0+S1+36,18:42:00,18:42:00,S5,5,北区役所行,0,0
R1+0+S1+36,18:43:00,18:43:00,S6,6,北区役所行,0,0
R1+0+S1+36,18:45:00,18:45:00,S7,7,ＪＲ駒込駅行,0,0
R1+0+S1+36,18:48:00,18:48:00,S8,8,ＪＲ駒込駅行,0,0
R1+0+S1+36,18:49:00,18:49:00,S10,9,ＪＲ駒込駅行,0,0
R1+0+S1+36,18:53:00,18:53:00,S12,10,ＪＲ駒込駅行,0,0
R1+0+S1+36,18:55:00,18:55:00,S14,11,ＪＲ駒込駅行,0,0
R1+0+S1+36,18:56:00,18:56:00,S16,12,ＪＲ駒込駅行,0,0
R1+0+S1+36,18:56:00,18:56:00,S18,13,ＪＲ駒込駅行,0,0
R1+0+S1+36,19:02:00,19:02:00,S20,14,ＪＲ王子駅行,0,0
R1+0+S1+36,19:05:00,19:05:00,S19,15,ＪＲ王子駅行,0,0
R1+0+S1+36,19:06:00,19:06:00,S17,16,ＪＲ王子駅行,0,0
R1+0+S1+36,19:07:00,19:07:00,S15,17,ＪＲ王子駅行,0,0
R1+0+S1+36,19:08:00,19:08:00,S13,18,ＪＲ王子駅行,0,0
R1+0+S1+36,19:09:00,19:09:00,S11,19,ＪＲ王子駅行,0,0
R1+0+S1+36,19:10:00,19:10:00,S9,20,ＪＲ王子駅行,0,0
R1+0+S1+36,19:15:00,19:15:00,S1,21,ＪＲ王子駅行,1,0
R1+0+S1+37,18:55:00,18:55:00,S1,1,北区役所行,0,1
R1+0+S1+37,18:56:00,18:56:00,S2,2,北区役所行,0,0
R1+0+S1+37,18:57:00,18:57:00,S3,3,北区役所行,0,0
R1+0+S1+37,19:01:00,19:01:00,S4,4,北区役所行,0,0
R1+0+S1+37,19:02:00,19:02:00,S5,5,北区役所行,0,0
R1+0+S1+37,19:03:00,19:03:00,S6,6,北区役所行,0,0
R1+0+S1+37,19:05:00,19:05:00,S7,7,ＪＲ駒込駅行,0,0
R1+0+S1+37,19:08:00,19:08:00,S8,8,ＪＲ駒込駅行,0,0
R1+0+S1+37,19:09:00,19:09:00,S10,9,ＪＲ駒込駅行,0,0
R1+0+S1+37,19:13:00,19:13:00,S12,10,ＪＲ駒込駅行,0,0
R1+0+S1+37,19:15:00,19:15:00,S14,11,ＪＲ駒込駅行,0,0
R1+0+S1+37,19:16:00,19:16:00,S16,12,ＪＲ駒込駅行,0,0
R1+0+S1+37,19:16:00,19:16:00,S18,13,ＪＲ駒込駅行,0,0
R1+0+S1+37,19:22:00,19:22:00,S20,14,ＪＲ王子駅行,0,0
R1+0+S1+37,19:25:00,19:25:00,S19,15,ＪＲ王子駅行,0,0
R1+0+S1+37,19:26:00,19:26:00,S17,16,ＪＲ王子駅行,0,0
R1+0+S1+37,19:27:00,19:27:00,S15,17,ＪＲ王子駅行,0,0
R1+0+S1+37,19:28:00,19:28:00,S13,18,ＪＲ王子駅行,0,0
R1+0+S1+37,19:29:00,19:29:00,S11,19,ＪＲ王子駅行,0,0
R1+0+S1+37,19:30:00,19:30:00,S9,20,ＪＲ王子駅行,0,0
R1+0+S1+37,19:35:00,19:35:00,S1,21,ＪＲ王子駅行,1,0
R1+0+S1+38,19:15:00,19:15:00,S1,1,北区役所行,0,1
R1+0+S1+38,19:16:00,19:16:00,S2,2,北区役所行,0,0
R1+0+S1+38,19:17:00,19:17:00,S3,3,北区役所行,0,0
R1+0+S1+38,19:21:00,19:21:00,S4,4,北区役所行,0,0
R1+0+S1+38,19:22:00,19:22:00,S5,5,北区役所行,0,0
R1+0+S1+38,19:23:00,19:23:00,S6,6,北区役所行,0,0
R1+0+S1+38,19:25:00,19:25:00,S7,7,ＪＲ駒込駅行,0,0
R1+0+S1+38,19:28:00,19:28:00,S8,8,ＪＲ駒込駅行,0,0
R1+0+S1+38,19:29:00,19:29:00,S10,9,ＪＲ駒込駅行,0,0
R1+0+S1+38,19:33:00,19:33:00,S12,10,ＪＲ駒込駅行,0,0
R1+0+S1+38,19:35:00,19:35:00,S14,11,ＪＲ駒込駅行,0,0
R1+0+S1+38,19:36:00,19:36:00,S16,12,ＪＲ駒込駅行,0,0
R1+0+S1+38,19:36:00,19:36:00,S18,13,ＪＲ駒込駅行,0,0
R1+0+S1+38,19:42:00,19:42:00,S20,14,ＪＲ王子駅行,0,0
R1+0+S1+38,19:45:00,19:45:00,S19,15,ＪＲ王子駅行,0,0
R1+0+S1+38,19:46:00,19:46:00,S17,16,ＪＲ王子駅行,0,0
R1+0+S1+38,19:47:00,19:47:00,S15,17,ＪＲ王子駅行,0,0
R1+0+S1+38,19:48:00,19:48:00,S13,18,ＪＲ王子駅行,0,0
R1+0+S1+38,19:49:00,19:49:00,S11,19,ＪＲ王子駅行,0,0
R1+0+S1+38,19:50:00,19:50:00,S9,20,ＪＲ王子駅行,0,0
R1+0+S1+38,19:55:00,19:55:00,S1,21,ＪＲ王子駅行,1,0
R1+0+S1+39,19:35:00,19:35:00,S1,1,北区役所行,0,1
R1+0+S1+39,19:36:00,19:36:00,S2,2,北区役所行,0,0
R1+0+S1+39,19:37:00,19:37:00,S3,3,北区役所行,0,0
R1+0+S1+39,19:41:00,19:41:00,S4,4,北区役所行,0,0
R1+0+S1+39,19:42:00,19:42:00,S5,5,北区役所行,0,0
R1+0+S1+39,19:43:00,19:43:00,S6,6,北区役所行,0,0
R1+0+S1+39,19:45:00,19:45:00,S7,7,ＪＲ駒込駅行,0,0
R1+0+S1+39,19:48:00,19:48:00,S8,8,ＪＲ駒込駅行,0,0
R1+0+S1+39,19:49:00,19:49:00,S10,9,ＪＲ駒込駅行,0,0
R1+0+S1+39,19:53:00,19:53:00,S12,10,ＪＲ駒込駅行,0,0
R1+0+S1+39,19:55:00,19:55:00,S14,11,ＪＲ駒込駅行,0,0
R1+0+S1+39,19:56:00,19:56:00,S16,12,ＪＲ駒込駅行,0,0
R1+0+S1+39,19:56:00,19:56:00,S18,13,ＪＲ駒込駅行,0,0
R1+0+S1+39,20:02:00,20:02:00,S20,14,ＪＲ王子駅行,0,0
R1+0+S1+39,20:05:00,20:05:00,S19,15,ＪＲ王子駅行,0,0
R1+0+S1+39,20:06:00,20:06:00,S17,16,ＪＲ王子駅行,0,0
R1+0+S1+39,20:07:00,20:07:00,S15,17,ＪＲ王子駅行,0,0
R1+0+S1+39,20:08:00,20:08:00,S13,18,ＪＲ王子駅行,0,0
R1+0+S1+39,20:09:00,20:09:00,S11,19,ＪＲ王子駅行,0,0
R1+0+S1+39,20:10:00,20:10:00,S9,20,ＪＲ王子駅行,0,0
R1+0+S1+39,20:15:00,20:15:00,S1,21,ＪＲ王子駅行,1,0
R1+0+S1+40,19:55:00,19:55:00,S1,1,北区役所行,0,1
R1+0+S1+40,19:56:00,19:56:00,S2,2,北区役所行,0,0
R1+0+S1+40,19:57:00,19:57:00,S3,3,北区役所行,0,0
R1+0+S1+40,20:01:00,20:01:00,S4,4,北区役所行,0,0
R1+0+S1+40,20:02:00,20:02:00,S5,5,北区役所行,0,0
R1+0+S1+40,20:03:00,20:03:00,S6,6,北区役所行,0,0
R1+0+S1+40,20:05:00,20:05:00,S7,7,ＪＲ駒込駅行,0,0
R1+0+S1+40,20:08:00,20:08:00,S8,8,ＪＲ駒込駅行,0,0
R1+0+S1+40,20:09:00,20:09:00,S10,9,ＪＲ駒込駅行,0,0
R1+0+S1+40,20:13:00,20:13:00,S12,10,ＪＲ駒込駅行,0,0
R1+0+S1+40,20:15:00,20:15:00,S14,11,ＪＲ駒込駅行,0,0
R1+0+S1+40,20:16:00,20:16:00,S16,12,ＪＲ駒込駅行,0,0
R1+0+S1+40,20:16:00,20:16:00,S18,13,ＪＲ駒込駅行,0,0
R1+0+S1+40,20:22:00,20:22:00,S20,14,ＪＲ王子駅行,0,0
R1+0+S1+40,20:25:00,20:25:00,S19,15,ＪＲ王子駅行,0,0
R1+0+S1+40,20:26:00,20:26:00,S17,16,ＪＲ王子駅行,0,0
R1+0+S1+40,20:27:00,20:27:00,S15,17,ＪＲ王子駅行,0,0
R1+0+S1+40,20:28:00,20:28:00,S13,18,ＪＲ王子駅行,0,0
R1+0+S1+40,20:29:00,20:29:00,S11,19,ＪＲ王子駅行,0,0
R1+0+S1+40,20:30:00,20:30:00,S9,20,ＪＲ王子駅行,0,0
R1+0+S1+40,20:35:00,20:35:00,S1,21,ＪＲ王子駅行,1,0
